,Unnamed: 0,Unnamed: 0.1,Unnamed: 0.1.1,Unnamed: 0.1.1.1,path,label,sublabel,progress,count
0,0,0,0,0,D:\kunal\Project\smart surveillance\ModelCode\TrainTestData\Anomaly-Videos-Part-1\Abuse\Abuse001_x264.mp4,Anomaly,Abuse,1,2729.0
1,1,1,1,1,D:\kunal\Project\smart surveillance\ModelCode\TrainTestData\Anomaly-Videos-Part-1\Abuse\Abuse002_x264.mp4,Anomaly,Abuse,1,865.0
2,2,2,2,2,D:\kunal\Project\smart surveillance\ModelCode\TrainTestData\Anomaly-Videos-Part-1\Abuse\Abuse003_x264.mp4,Anomaly,Abuse,1,3699.0
3,3,3,3,3,D:\kunal\Project\smart surveillance\ModelCode\TrainTestData\Anomaly-Videos-Part-1\Abuse\Abuse004_x264.mp4,Anomaly,Abuse,1,
4,4,4,4,4,D:\kunal\Project\smart surveillance\ModelCode\TrainTestData\Anomaly-Videos-Part-1\Abuse\Abuse005_x264.mp4,Anomaly,Abuse,1,
5,5,5,5,5,D:\kunal\Project\smart surveillance\ModelCode\TrainTestData\Anomaly-Videos-Part-1\Abuse\Abuse006_x264.mp4,Anomaly,Abuse,1,
6,6,6,6,6,D:\kunal\Project\smart surveillance\ModelCode\TrainTestData\Anomaly-Videos-Part-1\Abuse\Abuse007_x264.mp4,Anomaly,Abuse,1,
7,7,7,7,7,D:\kunal\Project\smart surveillance\ModelCode\TrainTestData\Anomaly-Videos-Part-1\Abuse\Abuse008_x264.mp4,Anomaly,Abuse,1,
8,8,8,8,8,D:\kunal\Project\smart surveillance\ModelCode\TrainTestData\Anomaly-Videos-Part-1\Abuse\Abuse009_x264.mp4,Anomaly,Abuse,1,
9,9,9,9,9,D:\kunal\Project\smart surveillance\ModelCode\TrainTestData\Anomaly-Videos-Part-1\Abuse\Abuse010_x264.mp4,Anomaly,Abuse,1,
10,10,10,10,10,D:\kunal\Project\smart surveillance\ModelCode\TrainTestData\Anomaly-Videos-Part-1\Abuse\Abuse011_x264.mp4,Anomaly,Abuse,1,
11,11,11,11,11,D:\kunal\Project\smart surveillance\ModelCode\TrainTestData\Anomaly-Videos-Part-1\Abuse\Abuse012_x264.mp4,Anomaly,Abuse,1,
12,12,12,12,12,D:\kunal\Project\smart surveillance\ModelCode\TrainTestData\Anomaly-Videos-Part-1\Abuse\Abuse013_x264.mp4,Anomaly,Abuse,1,
13,13,13,13,13,D:\kunal\Project\smart surveillance\ModelCode\TrainTestData\Anomaly-Videos-Part-1\Abuse\Abuse014_x264.mp4,Anomaly,Abuse,1,
14,14,14,14,14,D:\kunal\Project\smart surveillance\ModelCode\TrainTestData\Anomaly-Videos-Part-1\Abuse\Abuse015_x264.mp4,Anomaly,Abuse,1,
15,15,15,15,15,D:\kunal\Project\smart surveillance\ModelCode\TrainTestData\Anomaly-Videos-Part-1\Abuse\Abuse016_x264.mp4,Anomaly,Abuse,1,
16,16,16,16,16,D:\kunal\Project\smart surveillance\ModelCode\TrainTestData\Anomaly-Videos-Part-1\Abuse\Abuse017_x264.mp4,Anomaly,Abuse,1,
17,17,17,17,17,D:\kunal\Project\smart surveillance\ModelCode\TrainTestData\Anomaly-Videos-Part-1\Abuse\Abuse018_x264.mp4,Anomaly,Abuse,1,
18,18,18,18,18,D:\kunal\Project\smart surveillance\ModelCode\TrainTestData\Anomaly-Videos-Part-1\Abuse\Abuse019_x264.mp4,Anomaly,Abuse,1,
19,19,19,19,19,D:\kunal\Project\smart surveillance\ModelCode\TrainTestData\Anomaly-Videos-Part-1\Abuse\Abuse020_x264.mp4,Anomaly,Abuse,1,
20,20,20,20,20,D:\kunal\Project\smart surveillance\ModelCode\TrainTestData\Anomaly-Videos-Part-1\Abuse\Abuse021_x264.mp4,Anomaly,Abuse,1,
21,21,21,21,21,D:\kunal\Project\smart surveillance\ModelCode\TrainTestData\Anomaly-Videos-Part-1\Abuse\Abuse022_x264.mp4,Anomaly,Abuse,1,
22,22,22,22,22,D:\kunal\Project\smart surveillance\ModelCode\TrainTestData\Anomaly-Videos-Part-1\Abuse\Abuse023_x264.mp4,Anomaly,Abuse,1,
23,23,23,23,23,D:\kunal\Project\smart surveillance\ModelCode\TrainTestData\Anomaly-Videos-Part-1\Abuse\Abuse024_x264.mp4,Anomaly,Abuse,1,
24,24,24,24,24,D:\kunal\Project\smart surveillance\ModelCode\TrainTestData\Anomaly-Videos-Part-1\Abuse\Abuse025_x264.mp4,Anomaly,Abuse,1,
25,25,25,25,25,D:\kunal\Project\smart surveillance\ModelCode\TrainTestData\Anomaly-Videos-Part-1\Abuse\Abuse026_x264.mp4,Anomaly,Abuse,1,
26,26,26,26,26,D:\kunal\Project\smart surveillance\ModelCode\TrainTestData\Anomaly-Videos-Part-1\Abuse\Abuse027_x264.mp4,Anomaly,Abuse,1,
27,27,27,27,27,D:\kunal\Project\smart surveillance\ModelCode\TrainTestData\Anomaly-Videos-Part-1\Abuse\Abuse028_x264.mp4,Anomaly,Abuse,1,
28,28,28,28,28,D:\kunal\Project\smart surveillance\ModelCode\TrainTestData\Anomaly-Videos-Part-1\Abuse\Abuse029_x264.mp4,Anomaly,Abuse,1,
29,29,29,29,29,D:\kunal\Project\smart surveillance\ModelCode\TrainTestData\Anomaly-Videos-Part-1\Abuse\Abuse030_x264.mp4,Anomaly,Abuse,1,
30,30,30,30,30,D:\kunal\Project\smart surveillance\ModelCode\TrainTestData\Anomaly-Videos-Part-1\Abuse\Abuse031_x264.mp4,Anomaly,Abuse,1,
31,31,31,31,31,D:\kunal\Project\smart surveillance\ModelCode\TrainTestData\Anomaly-Videos-Part-1\Abuse\Abuse032_x264.mp4,Anomaly,Abuse,1,
32,32,32,32,32,D:\kunal\Project\smart surveillance\ModelCode\TrainTestData\Anomaly-Videos-Part-1\Abuse\Abuse033_x264.mp4,Anomaly,Abuse,1,
33,33,33,33,33,D:\kunal\Project\smart surveillance\ModelCode\TrainTestData\Anomaly-Videos-Part-1\Abuse\Abuse034_x264.mp4,Anomaly,Abuse,1,
34,34,34,34,34,D:\kunal\Project\smart surveillance\ModelCode\TrainTestData\Anomaly-Videos-Part-1\Abuse\Abuse035_x264.mp4,Anomaly,Abuse,1,
35,35,35,35,35,D:\kunal\Project\smart surveillance\ModelCode\TrainTestData\Anomaly-Videos-Part-1\Abuse\Abuse036_x264.mp4,Anomaly,Abuse,1,
36,36,36,36,36,D:\kunal\Project\smart surveillance\ModelCode\TrainTestData\Anomaly-Videos-Part-1\Abuse\Abuse037_x264.mp4,Anomaly,Abuse,1,
37,37,37,37,37,D:\kunal\Project\smart surveillance\ModelCode\TrainTestData\Anomaly-Videos-Part-1\Abuse\Abuse038_x264.mp4,Anomaly,Abuse,1,
38,38,38,38,38,D:\kunal\Project\smart surveillance\ModelCode\TrainTestData\Anomaly-Videos-Part-1\Abuse\Abuse039_x264.mp4,Anomaly,Abuse,1,
39,39,39,39,39,D:\kunal\Project\smart surveillance\ModelCode\TrainTestData\Anomaly-Videos-Part-1\Abuse\Abuse040_x264.mp4,Anomaly,Abuse,1,
40,40,40,40,40,D:\kunal\Project\smart surveillance\ModelCode\TrainTestData\Anomaly-Videos-Part-1\Arrest\Arrest001_x264.mp4,Anomaly,Arrest,1,
41,41,41,41,41,D:\kunal\Project\smart surveillance\ModelCode\TrainTestData\Anomaly-Videos-Part-1\Arrest\Arrest002_x264.mp4,Anomaly,Arrest,1,
42,42,42,42,42,D:\kunal\Project\smart surveillance\ModelCode\TrainTestData\Anomaly-Videos-Part-1\Arrest\Arrest003_x264.mp4,Anomaly,Arrest,1,
43,43,43,43,43,D:\kunal\Project\smart surveillance\ModelCode\TrainTestData\Anomaly-Videos-Part-1\Arrest\Arrest004_x264.mp4,Anomaly,Arrest,1,
44,44,44,44,44,D:\kunal\Project\smart surveillance\ModelCode\TrainTestData\Anomaly-Videos-Part-1\Arrest\Arrest005_x264.mp4,Anomaly,Arrest,1,
45,45,45,45,45,D:\kunal\Project\smart surveillance\ModelCode\TrainTestData\Anomaly-Videos-Part-1\Arrest\Arrest006_x264.mp4,Anomaly,Arrest,1,
46,46,46,46,46,D:\kunal\Project\smart surveillance\ModelCode\TrainTestData\Anomaly-Videos-Part-1\Arrest\Arrest007_x264.mp4,Anomaly,Arrest,1,
47,47,47,47,47,D:\kunal\Project\smart surveillance\ModelCode\TrainTestData\Anomaly-Videos-Part-1\Arrest\Arrest008_x264.mp4,Anomaly,Arrest,1,
48,48,48,48,48,D:\kunal\Project\smart surveillance\ModelCode\TrainTestData\Anomaly-Videos-Part-1\Arrest\Arrest009_x264.mp4,Anomaly,Arrest,1,
49,49,49,49,49,D:\kunal\Project\smart surveillance\ModelCode\TrainTestData\Anomaly-Videos-Part-1\Arrest\Arrest010_x264.mp4,Anomaly,Arrest,1,
50,50,50,50,50,D:\kunal\Project\smart surveillance\ModelCode\TrainTestData\Anomaly-Videos-Part-1\Arrest\Arrest011_x264.mp4,Anomaly,Arrest,1,
51,51,51,51,51,D:\kunal\Project\smart surveillance\ModelCode\TrainTestData\Anomaly-Videos-Part-1\Arrest\Arrest012_x264.mp4,Anomaly,Arrest,1,
52,52,52,52,52,D:\kunal\Project\smart surveillance\ModelCode\TrainTestData\Anomaly-Videos-Part-1\Arrest\Arrest013_x264.mp4,Anomaly,Arrest,1,
53,53,53,53,53,D:\kunal\Project\smart surveillance\ModelCode\TrainTestData\Anomaly-Videos-Part-1\Arrest\Arrest014_x264.mp4,Anomaly,Arrest,1,
54,54,54,54,54,D:\kunal\Project\smart surveillance\ModelCode\TrainTestData\Anomaly-Videos-Part-1\Arrest\Arrest015_x264.mp4,Anomaly,Arrest,1,
55,55,55,55,55,D:\kunal\Project\smart surveillance\ModelCode\TrainTestData\Anomaly-Videos-Part-1\Arrest\Arrest016_x264.mp4,Anomaly,Arrest,1,
56,56,56,56,56,D:\kunal\Project\smart surveillance\ModelCode\TrainTestData\Anomaly-Videos-Part-1\Arrest\Arrest017_x264.mp4,Anomaly,Arrest,1,
57,57,57,57,57,D:\kunal\Project\smart surveillance\ModelCode\TrainTestData\Anomaly-Videos-Part-1\Arrest\Arrest018_x264.mp4,Anomaly,Arrest,1,
58,58,58,58,58,D:\kunal\Project\smart surveillance\ModelCode\TrainTestData\Anomaly-Videos-Part-1\Arrest\Arrest019_x264.mp4,Anomaly,Arrest,1,
59,59,59,59,59,D:\kunal\Project\smart surveillance\ModelCode\TrainTestData\Anomaly-Videos-Part-1\Arrest\Arrest020_x264.mp4,Anomaly,Arrest,1,
60,60,60,60,60,D:\kunal\Project\smart surveillance\ModelCode\TrainTestData\Anomaly-Videos-Part-1\Arrest\Arrest021_x264.mp4,Anomaly,Arrest,1,
61,61,61,61,61,D:\kunal\Project\smart surveillance\ModelCode\TrainTestData\Anomaly-Videos-Part-1\Arrest\Arrest022_x264.mp4,Anomaly,Arrest,1,
62,62,62,62,62,D:\kunal\Project\smart surveillance\ModelCode\TrainTestData\Anomaly-Videos-Part-1\Arrest\Arrest023_x264.mp4,Anomaly,Arrest,1,
63,63,63,63,63,D:\kunal\Project\smart surveillance\ModelCode\TrainTestData\Anomaly-Videos-Part-1\Arrest\Arrest024_x264.mp4,Anomaly,Arrest,1,
64,64,64,64,64,D:\kunal\Project\smart surveillance\ModelCode\TrainTestData\Anomaly-Videos-Part-1\Arrest\Arrest025_x264.mp4,Anomaly,Arrest,1,
65,65,65,65,65,D:\kunal\Project\smart surveillance\ModelCode\TrainTestData\Anomaly-Videos-Part-1\Arrest\Arrest026_x264.mp4,Anomaly,Arrest,1,
66,66,66,66,66,D:\kunal\Project\smart surveillance\ModelCode\TrainTestData\Anomaly-Videos-Part-1\Arrest\Arrest027_x264.mp4,Anomaly,Arrest,1,
67,67,67,67,67,D:\kunal\Project\smart surveillance\ModelCode\TrainTestData\Anomaly-Videos-Part-1\Arrest\Arrest028_x264.mp4,Anomaly,Arrest,1,
68,68,68,68,68,D:\kunal\Project\smart surveillance\ModelCode\TrainTestData\Anomaly-Videos-Part-1\Arrest\Arrest029_x264.mp4,Anomaly,Arrest,1,
69,69,69,69,69,D:\kunal\Project\smart surveillance\ModelCode\TrainTestData\Anomaly-Videos-Part-1\Arrest\Arrest030_x264.mp4,Anomaly,Arrest,1,
70,70,70,70,70,D:\kunal\Project\smart surveillance\ModelCode\TrainTestData\Anomaly-Videos-Part-1\Arrest\Arrest031_x264.mp4,Anomaly,Arrest,1,
71,71,71,71,71,D:\kunal\Project\smart surveillance\ModelCode\TrainTestData\Anomaly-Videos-Part-1\Arrest\Arrest032_x264.mp4,Anomaly,Arrest,1,
72,72,72,72,72,D:\kunal\Project\smart surveillance\ModelCode\TrainTestData\Anomaly-Videos-Part-1\Arrest\Arrest033_x264.mp4,Anomaly,Arrest,1,
73,73,73,73,73,D:\kunal\Project\smart surveillance\ModelCode\TrainTestData\Anomaly-Videos-Part-1\Arrest\Arrest034_x264.mp4,Anomaly,Arrest,1,
74,74,74,74,74,D:\kunal\Project\smart surveillance\ModelCode\TrainTestData\Anomaly-Videos-Part-1\Arrest\Arrest035_x264.mp4,Anomaly,Arrest,1,
75,75,75,75,75,D:\kunal\Project\smart surveillance\ModelCode\TrainTestData\Anomaly-Videos-Part-1\Arrest\Arrest036_x264.mp4,Anomaly,Arrest,1,
76,76,76,76,76,D:\kunal\Project\smart surveillance\ModelCode\TrainTestData\Anomaly-Videos-Part-1\Arrest\Arrest037_x264.mp4,Anomaly,Arrest,1,
77,77,77,77,77,D:\kunal\Project\smart surveillance\ModelCode\TrainTestData\Anomaly-Videos-Part-1\Arrest\Arrest038_x264.mp4,Anomaly,Arrest,1,
78,78,78,78,78,D:\kunal\Project\smart surveillance\ModelCode\TrainTestData\Anomaly-Videos-Part-1\Arrest\Arrest039_x264.mp4,Anomaly,Arrest,1,112.0
79,79,79,79,79,D:\kunal\Project\smart surveillance\ModelCode\TrainTestData\Anomaly-Videos-Part-1\Arrest\Arrest040_x264.mp4,Anomaly,Arrest,1,1774.0
80,80,80,80,80,D:\kunal\Project\smart surveillance\ModelCode\TrainTestData\Anomaly-Videos-Part-1\Arson\Arson001_x264.mp4,Anomaly,Arson,1,4187.0
81,81,81,81,81,D:\kunal\Project\smart surveillance\ModelCode\TrainTestData\Anomaly-Videos-Part-1\Arson\Arson002_x264.mp4,Anomaly,Arson,1,4439.0
82,82,82,82,82,D:\kunal\Project\smart surveillance\ModelCode\TrainTestData\Anomaly-Videos-Part-1\Arson\Arson003_x264.mp4,Anomaly,Arson,1,4013.0
83,83,83,83,83,D:\kunal\Project\smart surveillance\ModelCode\TrainTestData\Anomaly-Videos-Part-1\Arson\Arson005_x264.mp4,Anomaly,Arson,1,1174.0
84,84,84,84,84,D:\kunal\Project\smart surveillance\ModelCode\TrainTestData\Anomaly-Videos-Part-1\Arson\Arson006_x264.mp4,Anomaly,Arson,1,2815.0
85,85,85,85,85,D:\kunal\Project\smart surveillance\ModelCode\TrainTestData\Anomaly-Videos-Part-1\Arson\Arson007_x264.mp4,Anomaly,Arson,1,6252.0
86,86,86,86,86,D:\kunal\Project\smart surveillance\ModelCode\TrainTestData\Anomaly-Videos-Part-1\Arson\Arson008_x264.mp4,Anomaly,Arson,1,1220.0
87,87,87,87,87,D:\kunal\Project\smart surveillance\ModelCode\TrainTestData\Anomaly-Videos-Part-1\Arson\Arson009_x264.mp4,Anomaly,Arson,1,743.0
88,88,88,88,88,D:\kunal\Project\smart surveillance\ModelCode\TrainTestData\Anomaly-Videos-Part-1\Arson\Arson010_x264.mp4,Anomaly,Arson,1,3159.0
89,89,89,89,89,D:\kunal\Project\smart surveillance\ModelCode\TrainTestData\Anomaly-Videos-Part-1\Arson\Arson011_x264.mp4,Anomaly,Arson,1,1266.0
90,90,90,90,90,D:\kunal\Project\smart surveillance\ModelCode\TrainTestData\Anomaly-Videos-Part-1\Arson\Arson012_x264.mp4,Anomaly,Arson,1,894.0
91,91,91,91,91,D:\kunal\Project\smart surveillance\ModelCode\TrainTestData\Anomaly-Videos-Part-1\Arson\Arson013_x264.mp4,Anomaly,Arson,1,6379.0
92,92,92,92,92,D:\kunal\Project\smart surveillance\ModelCode\TrainTestData\Anomaly-Videos-Part-1\Arson\Arson014_x264.mp4,Anomaly,Arson,1,2634.0
93,93,93,93,93,D:\kunal\Project\smart surveillance\ModelCode\TrainTestData\Anomaly-Videos-Part-1\Arson\Arson015_x264.mp4,Anomaly,Arson,1,7446.0
94,94,94,94,94,D:\kunal\Project\smart surveillance\ModelCode\TrainTestData\Anomaly-Videos-Part-1\Arson\Arson016_x264.mp4,Anomaly,Arson,1,1795.0
95,95,95,95,95,D:\kunal\Project\smart surveillance\ModelCode\TrainTestData\Anomaly-Videos-Part-1\Arson\Arson017_x264.mp4,Anomaly,Arson,1,1382.0
96,96,96,96,96,D:\kunal\Project\smart surveillance\ModelCode\TrainTestData\Anomaly-Videos-Part-1\Arson\Arson018_x264.mp4,Anomaly,Arson,1,842.0
97,97,97,97,97,D:\kunal\Project\smart surveillance\ModelCode\TrainTestData\Anomaly-Videos-Part-1\Arson\Arson019_x264.mp4,Anomaly,Arson,-1,
98,98,98,98,98,D:\kunal\Project\smart surveillance\ModelCode\TrainTestData\Anomaly-Videos-Part-1\Arson\Arson020_x264.mp4,Anomaly,Arson,-1,
99,99,99,99,99,D:\kunal\Project\smart surveillance\ModelCode\TrainTestData\Anomaly-Videos-Part-1\Arson\Arson021_x264.mp4,Anomaly,Arson,-1,
100,100,100,100,100,D:\kunal\Project\smart surveillance\ModelCode\TrainTestData\Anomaly-Videos-Part-1\Arson\Arson022_x264.mp4,Anomaly,Arson,-1,
101,101,101,101,101,D:\kunal\Project\smart surveillance\ModelCode\TrainTestData\Anomaly-Videos-Part-1\Arson\Arson023_x264.mp4,Anomaly,Arson,-1,
102,102,102,102,102,D:\kunal\Project\smart surveillance\ModelCode\TrainTestData\Anomaly-Videos-Part-1\Arson\Arson024_x264.mp4,Anomaly,Arson,-1,
103,103,103,103,103,D:\kunal\Project\smart surveillance\ModelCode\TrainTestData\Anomaly-Videos-Part-1\Arson\Arson025_x264.mp4,Anomaly,Arson,-1,
104,104,104,104,104,D:\kunal\Project\smart surveillance\ModelCode\TrainTestData\Anomaly-Videos-Part-1\Arson\Arson026_x264.mp4,Anomaly,Arson,-1,
105,105,105,105,105,D:\kunal\Project\smart surveillance\ModelCode\TrainTestData\Anomaly-Videos-Part-1\Arson\Arson027_x264.mp4,Anomaly,Arson,-1,
106,106,106,106,106,D:\kunal\Project\smart surveillance\ModelCode\TrainTestData\Anomaly-Videos-Part-1\Arson\Arson028_x264.mp4,Anomaly,Arson,-1,
107,107,107,107,107,D:\kunal\Project\smart surveillance\ModelCode\TrainTestData\Anomaly-Videos-Part-1\Arson\Arson029_x264.mp4,Anomaly,Arson,-1,
108,108,108,108,108,D:\kunal\Project\smart surveillance\ModelCode\TrainTestData\Anomaly-Videos-Part-1\Arson\Arson030_x264.mp4,Anomaly,Arson,-1,
109,109,109,109,109,D:\kunal\Project\smart surveillance\ModelCode\TrainTestData\Anomaly-Videos-Part-1\Arson\Arson031_x264.mp4,Anomaly,Arson,-1,
110,110,110,110,110,D:\kunal\Project\smart surveillance\ModelCode\TrainTestData\Anomaly-Videos-Part-1\Arson\Arson032_x264.mp4,Anomaly,Arson,-1,
111,111,111,111,111,D:\kunal\Project\smart surveillance\ModelCode\TrainTestData\Anomaly-Videos-Part-1\Arson\Arson034_x264.mp4,Anomaly,Arson,-1,
112,112,112,112,112,D:\kunal\Project\smart surveillance\ModelCode\TrainTestData\Anomaly-Videos-Part-1\Arson\Arson035_x264.mp4,Anomaly,Arson,-1,
113,113,113,113,113,D:\kunal\Project\smart surveillance\ModelCode\TrainTestData\Anomaly-Videos-Part-1\Arson\Arson036_x264.mp4,Anomaly,Arson,-1,
114,114,114,114,114,D:\kunal\Project\smart surveillance\ModelCode\TrainTestData\Anomaly-Videos-Part-1\Arson\Arson037_x264.mp4,Anomaly,Arson,-1,
115,115,115,115,115,D:\kunal\Project\smart surveillance\ModelCode\TrainTestData\Anomaly-Videos-Part-1\Arson\Arson038_x264.mp4,Anomaly,Arson,-1,
116,116,116,116,116,D:\kunal\Project\smart surveillance\ModelCode\TrainTestData\Anomaly-Videos-Part-1\Arson\Arson039_x264.mp4,Anomaly,Arson,-1,
117,117,117,117,117,D:\kunal\Project\smart surveillance\ModelCode\TrainTestData\Anomaly-Videos-Part-1\Arson\Arson040_x264.mp4,Anomaly,Arson,-1,
118,118,118,118,118,D:\kunal\Project\smart surveillance\ModelCode\TrainTestData\Anomaly-Videos-Part-1\Arson\Arson041_x264.mp4,Anomaly,Arson,-1,
119,119,119,119,119,D:\kunal\Project\smart surveillance\ModelCode\TrainTestData\Anomaly-Videos-Part-1\Arson\Arson042_x264.mp4,Anomaly,Arson,-1,
120,120,120,120,120,D:\kunal\Project\smart surveillance\ModelCode\TrainTestData\Anomaly-Videos-Part-1\Assault\Assault001_x264.mp4,Anomaly,Assault,-1,
121,121,121,121,121,D:\kunal\Project\smart surveillance\ModelCode\TrainTestData\Anomaly-Videos-Part-1\Assault\Assault002_x264.mp4,Anomaly,Assault,-1,
122,122,122,122,122,D:\kunal\Project\smart surveillance\ModelCode\TrainTestData\Anomaly-Videos-Part-1\Assault\Assault003_x264.mp4,Anomaly,Assault,-1,
123,123,123,123,123,D:\kunal\Project\smart surveillance\ModelCode\TrainTestData\Anomaly-Videos-Part-1\Assault\Assault004_x264.mp4,Anomaly,Assault,-1,
124,124,124,124,124,D:\kunal\Project\smart surveillance\ModelCode\TrainTestData\Anomaly-Videos-Part-1\Assault\Assault005_x264.mp4,Anomaly,Assault,-1,
125,125,125,125,125,D:\kunal\Project\smart surveillance\ModelCode\TrainTestData\Anomaly-Videos-Part-1\Assault\Assault006_x264.mp4,Anomaly,Assault,-1,
126,126,126,126,126,D:\kunal\Project\smart surveillance\ModelCode\TrainTestData\Anomaly-Videos-Part-1\Assault\Assault007_x264.mp4,Anomaly,Assault,-1,
127,127,127,127,127,D:\kunal\Project\smart surveillance\ModelCode\TrainTestData\Anomaly-Videos-Part-1\Assault\Assault008_x264.mp4,Anomaly,Assault,-1,
128,128,128,128,128,D:\kunal\Project\smart surveillance\ModelCode\TrainTestData\Anomaly-Videos-Part-1\Assault\Assault009_x264.mp4,Anomaly,Assault,-1,
129,129,129,129,129,D:\kunal\Project\smart surveillance\ModelCode\TrainTestData\Anomaly-Videos-Part-1\Assault\Assault010_x264.mp4,Anomaly,Assault,-1,
130,130,130,130,130,D:\kunal\Project\smart surveillance\ModelCode\TrainTestData\Anomaly-Videos-Part-1\Assault\Assault011_x264.mp4,Anomaly,Assault,-1,
131,131,131,131,131,D:\kunal\Project\smart surveillance\ModelCode\TrainTestData\Anomaly-Videos-Part-1\Assault\Assault012_x264.mp4,Anomaly,Assault,-1,
132,132,132,132,132,D:\kunal\Project\smart surveillance\ModelCode\TrainTestData\Anomaly-Videos-Part-1\Assault\Assault013_x264.mp4,Anomaly,Assault,-1,
133,133,133,133,133,D:\kunal\Project\smart surveillance\ModelCode\TrainTestData\Anomaly-Videos-Part-1\Assault\Assault014_x264.mp4,Anomaly,Assault,-1,
134,134,134,134,134,D:\kunal\Project\smart surveillance\ModelCode\TrainTestData\Anomaly-Videos-Part-1\Assault\Assault015_x264.mp4,Anomaly,Assault,-1,
135,135,135,135,135,D:\kunal\Project\smart surveillance\ModelCode\TrainTestData\Anomaly-Videos-Part-1\Assault\Assault016_x264.mp4,Anomaly,Assault,-1,
136,136,136,136,136,D:\kunal\Project\smart surveillance\ModelCode\TrainTestData\Anomaly-Videos-Part-1\Assault\Assault017_x264.mp4,Anomaly,Assault,-1,
137,137,137,137,137,D:\kunal\Project\smart surveillance\ModelCode\TrainTestData\Anomaly-Videos-Part-1\Assault\Assault018_x264.mp4,Anomaly,Assault,-1,
138,138,138,138,138,D:\kunal\Project\smart surveillance\ModelCode\TrainTestData\Anomaly-Videos-Part-1\Assault\Assault019_x264.mp4,Anomaly,Assault,-1,
139,139,139,139,139,D:\kunal\Project\smart surveillance\ModelCode\TrainTestData\Anomaly-Videos-Part-1\Assault\Assault020_x264.mp4,Anomaly,Assault,-1,
140,140,140,140,140,D:\kunal\Project\smart surveillance\ModelCode\TrainTestData\Anomaly-Videos-Part-1\Assault\Assault022_x264.mp4,Anomaly,Assault,-1,
141,141,141,141,141,D:\kunal\Project\smart surveillance\ModelCode\TrainTestData\Anomaly-Videos-Part-1\Assault\Assault023_x264.mp4,Anomaly,Assault,-1,
142,142,142,142,142,D:\kunal\Project\smart surveillance\ModelCode\TrainTestData\Anomaly-Videos-Part-1\Assault\Assault024_x264.mp4,Anomaly,Assault,-1,
143,143,143,143,143,D:\kunal\Project\smart surveillance\ModelCode\TrainTestData\Anomaly-Videos-Part-1\Assault\Assault025_x264.mp4,Anomaly,Assault,-1,
144,144,144,144,144,D:\kunal\Project\smart surveillance\ModelCode\TrainTestData\Anomaly-Videos-Part-1\Assault\Assault026_x264.mp4,Anomaly,Assault,-1,
145,145,145,145,145,D:\kunal\Project\smart surveillance\ModelCode\TrainTestData\Anomaly-Videos-Part-1\Assault\Assault027_x264.mp4,Anomaly,Assault,-1,
146,146,146,146,146,D:\kunal\Project\smart surveillance\ModelCode\TrainTestData\Anomaly-Videos-Part-1\Assault\Assault028_x264.mp4,Anomaly,Assault,-1,
147,147,147,147,147,D:\kunal\Project\smart surveillance\ModelCode\TrainTestData\Anomaly-Videos-Part-1\Assault\Assault029_x264.mp4,Anomaly,Assault,-1,
148,148,148,148,148,D:\kunal\Project\smart surveillance\ModelCode\TrainTestData\Anomaly-Videos-Part-1\Assault\Assault030_x264.mp4,Anomaly,Assault,-1,
149,149,149,149,149,D:\kunal\Project\smart surveillance\ModelCode\TrainTestData\Anomaly-Videos-Part-1\Assault\Assault031_x264.mp4,Anomaly,Assault,-1,
150,150,150,150,150,D:\kunal\Project\smart surveillance\ModelCode\TrainTestData\Anomaly-Videos-Part-1\Assault\Assault032_x264.mp4,Anomaly,Assault,-1,
151,151,151,151,151,D:\kunal\Project\smart surveillance\ModelCode\TrainTestData\Anomaly-Videos-Part-1\Assault\Assault033_x264.mp4,Anomaly,Assault,-1,
152,152,152,152,152,D:\kunal\Project\smart surveillance\ModelCode\TrainTestData\Anomaly-Videos-Part-1\Assault\Assault034_x264.mp4,Anomaly,Assault,-1,
153,153,153,153,153,D:\kunal\Project\smart surveillance\ModelCode\TrainTestData\Anomaly-Videos-Part-1\Assault\Assault035_x264.mp4,Anomaly,Assault,-1,
154,154,154,154,154,D:\kunal\Project\smart surveillance\ModelCode\TrainTestData\Anomaly-Videos-Part-1\Assault\Assault036_x264.mp4,Anomaly,Assault,-1,
155,155,155,155,155,D:\kunal\Project\smart surveillance\ModelCode\TrainTestData\Anomaly-Videos-Part-1\Assault\Assault037_x264.mp4,Anomaly,Assault,-1,
156,156,156,156,156,D:\kunal\Project\smart surveillance\ModelCode\TrainTestData\Anomaly-Videos-Part-1\Assault\Assault038_x264.mp4,Anomaly,Assault,-1,
157,157,157,157,157,D:\kunal\Project\smart surveillance\ModelCode\TrainTestData\Anomaly-Videos-Part-1\Assault\Assault039_x264.mp4,Anomaly,Assault,-1,
158,158,158,158,158,D:\kunal\Project\smart surveillance\ModelCode\TrainTestData\Anomaly-Videos-Part-1\Assault\Assault040_x264.mp4,Anomaly,Assault,-1,
159,159,159,159,159,D:\kunal\Project\smart surveillance\ModelCode\TrainTestData\Anomaly-Videos-Part-1\Assault\Assault041_x264.mp4,Anomaly,Assault,-1,
160,160,160,160,160,D:\kunal\Project\smart surveillance\ModelCode\TrainTestData\Anomaly-Videos-Part-2\Burglary\Burglary001_x264.mp4,Anomaly,Burglary,-1,
161,161,161,161,161,D:\kunal\Project\smart surveillance\ModelCode\TrainTestData\Anomaly-Videos-Part-2\Burglary\Burglary002_x264.mp4,Anomaly,Burglary,-1,
162,162,162,162,162,D:\kunal\Project\smart surveillance\ModelCode\TrainTestData\Anomaly-Videos-Part-2\Burglary\Burglary003_x264.mp4,Anomaly,Burglary,-1,
163,163,163,163,163,D:\kunal\Project\smart surveillance\ModelCode\TrainTestData\Anomaly-Videos-Part-2\Burglary\Burglary004_x264.mp4,Anomaly,Burglary,-1,
164,164,164,164,164,D:\kunal\Project\smart surveillance\ModelCode\TrainTestData\Anomaly-Videos-Part-2\Burglary\Burglary005_x264.mp4,Anomaly,Burglary,-1,
165,165,165,165,165,D:\kunal\Project\smart surveillance\ModelCode\TrainTestData\Anomaly-Videos-Part-2\Burglary\Burglary006_x264.mp4,Anomaly,Burglary,-1,
166,166,166,166,166,D:\kunal\Project\smart surveillance\ModelCode\TrainTestData\Anomaly-Videos-Part-2\Burglary\Burglary007_x264.mp4,Anomaly,Burglary,-1,
167,167,167,167,167,D:\kunal\Project\smart surveillance\ModelCode\TrainTestData\Anomaly-Videos-Part-2\Burglary\Burglary008_x264.mp4,Anomaly,Burglary,-1,
168,168,168,168,168,D:\kunal\Project\smart surveillance\ModelCode\TrainTestData\Anomaly-Videos-Part-2\Burglary\Burglary009_x264.mp4,Anomaly,Burglary,-1,
169,169,169,169,169,D:\kunal\Project\smart surveillance\ModelCode\TrainTestData\Anomaly-Videos-Part-2\Burglary\Burglary010_x264.mp4,Anomaly,Burglary,-1,
170,170,170,170,170,D:\kunal\Project\smart surveillance\ModelCode\TrainTestData\Anomaly-Videos-Part-2\Burglary\Burglary011_x264.mp4,Anomaly,Burglary,-1,
171,171,171,171,171,D:\kunal\Project\smart surveillance\ModelCode\TrainTestData\Anomaly-Videos-Part-2\Burglary\Burglary012_x264.mp4,Anomaly,Burglary,-1,
172,172,172,172,172,D:\kunal\Project\smart surveillance\ModelCode\TrainTestData\Anomaly-Videos-Part-2\Burglary\Burglary013_x264.mp4,Anomaly,Burglary,-1,
173,173,173,173,173,D:\kunal\Project\smart surveillance\ModelCode\TrainTestData\Anomaly-Videos-Part-2\Burglary\Burglary014_x264.mp4,Anomaly,Burglary,-1,
174,174,174,174,174,D:\kunal\Project\smart surveillance\ModelCode\TrainTestData\Anomaly-Videos-Part-2\Burglary\Burglary015_x264.mp4,Anomaly,Burglary,-1,
175,175,175,175,175,D:\kunal\Project\smart surveillance\ModelCode\TrainTestData\Anomaly-Videos-Part-2\Burglary\Burglary016_x264.mp4,Anomaly,Burglary,-1,
176,176,176,176,176,D:\kunal\Project\smart surveillance\ModelCode\TrainTestData\Anomaly-Videos-Part-2\Burglary\Burglary017_x264.mp4,Anomaly,Burglary,-1,
177,177,177,177,177,D:\kunal\Project\smart surveillance\ModelCode\TrainTestData\Anomaly-Videos-Part-2\Burglary\Burglary018_x264.mp4,Anomaly,Burglary,-1,
178,178,178,178,178,D:\kunal\Project\smart surveillance\ModelCode\TrainTestData\Anomaly-Videos-Part-2\Burglary\Burglary019_x264.mp4,Anomaly,Burglary,-1,
179,179,179,179,179,D:\kunal\Project\smart surveillance\ModelCode\TrainTestData\Anomaly-Videos-Part-2\Burglary\Burglary020_x264.mp4,Anomaly,Burglary,-1,
180,180,180,180,180,D:\kunal\Project\smart surveillance\ModelCode\TrainTestData\Anomaly-Videos-Part-2\Burglary\Burglary021_x264.mp4,Anomaly,Burglary,-1,
181,181,181,181,181,D:\kunal\Project\smart surveillance\ModelCode\TrainTestData\Anomaly-Videos-Part-2\Burglary\Burglary022_x264.mp4,Anomaly,Burglary,-1,
182,182,182,182,182,D:\kunal\Project\smart surveillance\ModelCode\TrainTestData\Anomaly-Videos-Part-2\Burglary\Burglary023_x264.mp4,Anomaly,Burglary,-1,
183,183,183,183,183,D:\kunal\Project\smart surveillance\ModelCode\TrainTestData\Anomaly-Videos-Part-2\Burglary\Burglary024_x264.mp4,Anomaly,Burglary,-1,
184,184,184,184,184,D:\kunal\Project\smart surveillance\ModelCode\TrainTestData\Anomaly-Videos-Part-2\Burglary\Burglary025_x264.mp4,Anomaly,Burglary,-1,
185,185,185,185,185,D:\kunal\Project\smart surveillance\ModelCode\TrainTestData\Anomaly-Videos-Part-2\Burglary\Burglary026_x264.mp4,Anomaly,Burglary,-1,
186,186,186,186,186,D:\kunal\Project\smart surveillance\ModelCode\TrainTestData\Anomaly-Videos-Part-2\Burglary\Burglary027_x264.mp4,Anomaly,Burglary,-1,
187,187,187,187,187,D:\kunal\Project\smart surveillance\ModelCode\TrainTestData\Anomaly-Videos-Part-2\Burglary\Burglary028_x264.mp4,Anomaly,Burglary,-1,
188,188,188,188,188,D:\kunal\Project\smart surveillance\ModelCode\TrainTestData\Anomaly-Videos-Part-2\Burglary\Burglary029_x264.mp4,Anomaly,Burglary,-1,
189,189,189,189,189,D:\kunal\Project\smart surveillance\ModelCode\TrainTestData\Anomaly-Videos-Part-2\Burglary\Burglary030_x264.mp4,Anomaly,Burglary,-1,
190,190,190,190,190,D:\kunal\Project\smart surveillance\ModelCode\TrainTestData\Anomaly-Videos-Part-2\Burglary\Burglary031_x264.mp4,Anomaly,Burglary,-1,
191,191,191,191,191,D:\kunal\Project\smart surveillance\ModelCode\TrainTestData\Anomaly-Videos-Part-2\Burglary\Burglary032_x264.mp4,Anomaly,Burglary,-1,
192,192,192,192,192,D:\kunal\Project\smart surveillance\ModelCode\TrainTestData\Anomaly-Videos-Part-2\Burglary\Burglary033_x264.mp4,Anomaly,Burglary,-1,
193,193,193,193,193,D:\kunal\Project\smart surveillance\ModelCode\TrainTestData\Anomaly-Videos-Part-2\Burglary\Burglary034_x264.mp4,Anomaly,Burglary,-1,
194,194,194,194,194,D:\kunal\Project\smart surveillance\ModelCode\TrainTestData\Anomaly-Videos-Part-2\Burglary\Burglary035_x264.mp4,Anomaly,Burglary,-1,
195,195,195,195,195,D:\kunal\Project\smart surveillance\ModelCode\TrainTestData\Anomaly-Videos-Part-2\Burglary\Burglary036_x264.mp4,Anomaly,Burglary,-1,
196,196,196,196,196,D:\kunal\Project\smart surveillance\ModelCode\TrainTestData\Anomaly-Videos-Part-2\Burglary\Burglary037_x264.mp4,Anomaly,Burglary,-1,
197,197,197,197,197,D:\kunal\Project\smart surveillance\ModelCode\TrainTestData\Anomaly-Videos-Part-2\Burglary\Burglary038_x264.mp4,Anomaly,Burglary,-1,
198,198,198,198,198,D:\kunal\Project\smart surveillance\ModelCode\TrainTestData\Anomaly-Videos-Part-2\Burglary\Burglary039_x264.mp4,Anomaly,Burglary,-1,
199,199,199,199,199,D:\kunal\Project\smart surveillance\ModelCode\TrainTestData\Anomaly-Videos-Part-2\Burglary\Burglary040_x264.mp4,Anomaly,Burglary,-1,
200,200,200,200,200,D:\kunal\Project\smart surveillance\ModelCode\TrainTestData\Anomaly-Videos-Part-2\Explosion\Explosion001_x264.mp4,Anomaly,Explosion,-1,
201,201,201,201,201,D:\kunal\Project\smart surveillance\ModelCode\TrainTestData\Anomaly-Videos-Part-2\Explosion\Explosion002_x264.mp4,Anomaly,Explosion,-1,
202,202,202,202,202,D:\kunal\Project\smart surveillance\ModelCode\TrainTestData\Anomaly-Videos-Part-2\Explosion\Explosion003_x264.mp4,Anomaly,Explosion,-1,
203,203,203,203,203,D:\kunal\Project\smart surveillance\ModelCode\TrainTestData\Anomaly-Videos-Part-2\Explosion\Explosion004_x264.mp4,Anomaly,Explosion,-1,
204,204,204,204,204,D:\kunal\Project\smart surveillance\ModelCode\TrainTestData\Anomaly-Videos-Part-2\Explosion\Explosion005_x264.mp4,Anomaly,Explosion,-1,
205,205,205,205,205,D:\kunal\Project\smart surveillance\ModelCode\TrainTestData\Anomaly-Videos-Part-2\Explosion\Explosion006_x264.mp4,Anomaly,Explosion,-1,
206,206,206,206,206,D:\kunal\Project\smart surveillance\ModelCode\TrainTestData\Anomaly-Videos-Part-2\Explosion\Explosion007_x264.mp4,Anomaly,Explosion,-1,
207,207,207,207,207,D:\kunal\Project\smart surveillance\ModelCode\TrainTestData\Anomaly-Videos-Part-2\Explosion\Explosion008_x264.mp4,Anomaly,Explosion,-1,
208,208,208,208,208,D:\kunal\Project\smart surveillance\ModelCode\TrainTestData\Anomaly-Videos-Part-2\Explosion\Explosion009_x264.mp4,Anomaly,Explosion,-1,
209,209,209,209,209,D:\kunal\Project\smart surveillance\ModelCode\TrainTestData\Anomaly-Videos-Part-2\Explosion\Explosion010_x264.mp4,Anomaly,Explosion,-1,
210,210,210,210,210,D:\kunal\Project\smart surveillance\ModelCode\TrainTestData\Anomaly-Videos-Part-2\Explosion\Explosion011_x264.mp4,Anomaly,Explosion,-1,
211,211,211,211,211,D:\kunal\Project\smart surveillance\ModelCode\TrainTestData\Anomaly-Videos-Part-2\Explosion\Explosion012_x264.mp4,Anomaly,Explosion,-1,
212,212,212,212,212,D:\kunal\Project\smart surveillance\ModelCode\TrainTestData\Anomaly-Videos-Part-2\Explosion\Explosion013_x264.mp4,Anomaly,Explosion,-1,
213,213,213,213,213,D:\kunal\Project\smart surveillance\ModelCode\TrainTestData\Anomaly-Videos-Part-2\Explosion\Explosion014_x264.mp4,Anomaly,Explosion,-1,
214,214,214,214,214,D:\kunal\Project\smart surveillance\ModelCode\TrainTestData\Anomaly-Videos-Part-2\Explosion\Explosion015_x264.mp4,Anomaly,Explosion,-1,
215,215,215,215,215,D:\kunal\Project\smart surveillance\ModelCode\TrainTestData\Anomaly-Videos-Part-2\Explosion\Explosion016_x264.mp4,Anomaly,Explosion,-1,
216,216,216,216,216,D:\kunal\Project\smart surveillance\ModelCode\TrainTestData\Anomaly-Videos-Part-2\Explosion\Explosion017_x264.mp4,Anomaly,Explosion,-1,
217,217,217,217,217,D:\kunal\Project\smart surveillance\ModelCode\TrainTestData\Anomaly-Videos-Part-2\Explosion\Explosion018_x264.mp4,Anomaly,Explosion,-1,
218,218,218,218,218,D:\kunal\Project\smart surveillance\ModelCode\TrainTestData\Anomaly-Videos-Part-2\Explosion\Explosion019_x264.mp4,Anomaly,Explosion,-1,
219,219,219,219,219,D:\kunal\Project\smart surveillance\ModelCode\TrainTestData\Anomaly-Videos-Part-2\Explosion\Explosion020_x264.mp4,Anomaly,Explosion,-1,
220,220,220,220,220,D:\kunal\Project\smart surveillance\ModelCode\TrainTestData\Anomaly-Videos-Part-2\Explosion\Explosion021_x264.mp4,Anomaly,Explosion,-1,
221,221,221,221,221,D:\kunal\Project\smart surveillance\ModelCode\TrainTestData\Anomaly-Videos-Part-2\Explosion\Explosion022_x264.mp4,Anomaly,Explosion,-1,
222,222,222,222,222,D:\kunal\Project\smart surveillance\ModelCode\TrainTestData\Anomaly-Videos-Part-2\Explosion\Explosion023_x264.mp4,Anomaly,Explosion,-1,
223,223,223,223,223,D:\kunal\Project\smart surveillance\ModelCode\TrainTestData\Anomaly-Videos-Part-2\Explosion\Explosion024_x264.mp4,Anomaly,Explosion,-1,
224,224,224,224,224,D:\kunal\Project\smart surveillance\ModelCode\TrainTestData\Anomaly-Videos-Part-2\Explosion\Explosion025_x264.mp4,Anomaly,Explosion,-1,
225,225,225,225,225,D:\kunal\Project\smart surveillance\ModelCode\TrainTestData\Anomaly-Videos-Part-2\Explosion\Explosion026_x264.mp4,Anomaly,Explosion,-1,
226,226,226,226,226,D:\kunal\Project\smart surveillance\ModelCode\TrainTestData\Anomaly-Videos-Part-2\Explosion\Explosion027_x264.mp4,Anomaly,Explosion,-1,
227,227,227,227,227,D:\kunal\Project\smart surveillance\ModelCode\TrainTestData\Anomaly-Videos-Part-2\Explosion\Explosion028_x264.mp4,Anomaly,Explosion,-1,
228,228,228,228,228,D:\kunal\Project\smart surveillance\ModelCode\TrainTestData\Anomaly-Videos-Part-2\Explosion\Explosion029_x264.mp4,Anomaly,Explosion,-1,
229,229,229,229,229,D:\kunal\Project\smart surveillance\ModelCode\TrainTestData\Anomaly-Videos-Part-2\Explosion\Explosion030_x264.mp4,Anomaly,Explosion,-1,
230,230,230,230,230,D:\kunal\Project\smart surveillance\ModelCode\TrainTestData\Anomaly-Videos-Part-2\Explosion\Explosion032_x264.mp4,Anomaly,Explosion,-1,
231,231,231,231,231,D:\kunal\Project\smart surveillance\ModelCode\TrainTestData\Anomaly-Videos-Part-2\Explosion\Explosion033_x264.mp4,Anomaly,Explosion,-1,
232,232,232,232,232,D:\kunal\Project\smart surveillance\ModelCode\TrainTestData\Anomaly-Videos-Part-2\Explosion\Explosion034_x264.mp4,Anomaly,Explosion,-1,
233,233,233,233,233,D:\kunal\Project\smart surveillance\ModelCode\TrainTestData\Anomaly-Videos-Part-2\Explosion\Explosion035_x264.mp4,Anomaly,Explosion,-1,
234,234,234,234,234,D:\kunal\Project\smart surveillance\ModelCode\TrainTestData\Anomaly-Videos-Part-2\Explosion\Explosion036_x264.mp4,Anomaly,Explosion,-1,
235,235,235,235,235,D:\kunal\Project\smart surveillance\ModelCode\TrainTestData\Anomaly-Videos-Part-2\Explosion\Explosion037_x264.mp4,Anomaly,Explosion,-1,
236,236,236,236,236,D:\kunal\Project\smart surveillance\ModelCode\TrainTestData\Anomaly-Videos-Part-2\Explosion\Explosion038_x264.mp4,Anomaly,Explosion,-1,
237,237,237,237,237,D:\kunal\Project\smart surveillance\ModelCode\TrainTestData\Anomaly-Videos-Part-2\Explosion\Explosion039_x264.mp4,Anomaly,Explosion,-1,
238,238,238,238,238,D:\kunal\Project\smart surveillance\ModelCode\TrainTestData\Anomaly-Videos-Part-2\Explosion\Explosion040_x264.mp4,Anomaly,Explosion,-1,
239,239,239,239,239,D:\kunal\Project\smart surveillance\ModelCode\TrainTestData\Anomaly-Videos-Part-2\Explosion\Explosion041_x264.mp4,Anomaly,Explosion,-1,
240,240,240,240,240,D:\kunal\Project\smart surveillance\ModelCode\TrainTestData\Anomaly-Videos-Part-2\Fighting\Fighting002_x264.mp4,Anomaly,Fighting,-1,
241,241,241,241,241,D:\kunal\Project\smart surveillance\ModelCode\TrainTestData\Anomaly-Videos-Part-2\Fighting\Fighting003_x264.mp4,Anomaly,Fighting,-1,
242,242,242,242,242,D:\kunal\Project\smart surveillance\ModelCode\TrainTestData\Anomaly-Videos-Part-2\Fighting\Fighting004_x264.mp4,Anomaly,Fighting,-1,
243,243,243,243,243,D:\kunal\Project\smart surveillance\ModelCode\TrainTestData\Anomaly-Videos-Part-2\Fighting\Fighting005_x264.mp4,Anomaly,Fighting,-1,
244,244,244,244,244,D:\kunal\Project\smart surveillance\ModelCode\TrainTestData\Anomaly-Videos-Part-2\Fighting\Fighting006_x264.mp4,Anomaly,Fighting,-1,
245,245,245,245,245,D:\kunal\Project\smart surveillance\ModelCode\TrainTestData\Anomaly-Videos-Part-2\Fighting\Fighting007_x264.mp4,Anomaly,Fighting,-1,
246,246,246,246,246,D:\kunal\Project\smart surveillance\ModelCode\TrainTestData\Anomaly-Videos-Part-2\Fighting\Fighting008_x264.mp4,Anomaly,Fighting,-1,
247,247,247,247,247,D:\kunal\Project\smart surveillance\ModelCode\TrainTestData\Anomaly-Videos-Part-2\Fighting\Fighting009_x264.mp4,Anomaly,Fighting,-1,
248,248,248,248,248,D:\kunal\Project\smart surveillance\ModelCode\TrainTestData\Anomaly-Videos-Part-2\Fighting\Fighting010_x264.mp4,Anomaly,Fighting,-1,
249,249,249,249,249,D:\kunal\Project\smart surveillance\ModelCode\TrainTestData\Anomaly-Videos-Part-2\Fighting\Fighting011_x264.mp4,Anomaly,Fighting,-1,
250,250,250,250,250,D:\kunal\Project\smart surveillance\ModelCode\TrainTestData\Anomaly-Videos-Part-2\Fighting\Fighting012_x264.mp4,Anomaly,Fighting,-1,
251,251,251,251,251,D:\kunal\Project\smart surveillance\ModelCode\TrainTestData\Anomaly-Videos-Part-2\Fighting\Fighting013_x264.mp4,Anomaly,Fighting,-1,
252,252,252,252,252,D:\kunal\Project\smart surveillance\ModelCode\TrainTestData\Anomaly-Videos-Part-2\Fighting\Fighting014_x264.mp4,Anomaly,Fighting,-1,
253,253,253,253,253,D:\kunal\Project\smart surveillance\ModelCode\TrainTestData\Anomaly-Videos-Part-2\Fighting\Fighting015_x264.mp4,Anomaly,Fighting,-1,
254,254,254,254,254,D:\kunal\Project\smart surveillance\ModelCode\TrainTestData\Anomaly-Videos-Part-2\Fighting\Fighting016_x264.mp4,Anomaly,Fighting,-1,
255,255,255,255,255,D:\kunal\Project\smart surveillance\ModelCode\TrainTestData\Anomaly-Videos-Part-2\Fighting\Fighting017_x264.mp4,Anomaly,Fighting,-1,
256,256,256,256,256,D:\kunal\Project\smart surveillance\ModelCode\TrainTestData\Anomaly-Videos-Part-2\Fighting\Fighting018_x264.mp4,Anomaly,Fighting,-1,
257,257,257,257,257,D:\kunal\Project\smart surveillance\ModelCode\TrainTestData\Anomaly-Videos-Part-2\Fighting\Fighting019_x264.mp4,Anomaly,Fighting,-1,
258,258,258,258,258,D:\kunal\Project\smart surveillance\ModelCode\TrainTestData\Anomaly-Videos-Part-2\Fighting\Fighting020_x264.mp4,Anomaly,Fighting,-1,
259,259,259,259,259,D:\kunal\Project\smart surveillance\ModelCode\TrainTestData\Anomaly-Videos-Part-2\Fighting\Fighting021_x264.mp4,Anomaly,Fighting,-1,
260,260,260,260,260,D:\kunal\Project\smart surveillance\ModelCode\TrainTestData\Anomaly-Videos-Part-2\Fighting\Fighting022_x264.mp4,Anomaly,Fighting,-1,
261,261,261,261,261,D:\kunal\Project\smart surveillance\ModelCode\TrainTestData\Anomaly-Videos-Part-2\Fighting\Fighting023_x264.mp4,Anomaly,Fighting,-1,
262,262,262,262,262,D:\kunal\Project\smart surveillance\ModelCode\TrainTestData\Anomaly-Videos-Part-2\Fighting\Fighting024_x264.mp4,Anomaly,Fighting,-1,
263,263,263,263,263,D:\kunal\Project\smart surveillance\ModelCode\TrainTestData\Anomaly-Videos-Part-2\Fighting\Fighting025_x264.mp4,Anomaly,Fighting,-1,
264,264,264,264,264,D:\kunal\Project\smart surveillance\ModelCode\TrainTestData\Anomaly-Videos-Part-2\Fighting\Fighting026_x264.mp4,Anomaly,Fighting,-1,
265,265,265,265,265,D:\kunal\Project\smart surveillance\ModelCode\TrainTestData\Anomaly-Videos-Part-2\Fighting\Fighting027_x264.mp4,Anomaly,Fighting,-1,
266,266,266,266,266,D:\kunal\Project\smart surveillance\ModelCode\TrainTestData\Anomaly-Videos-Part-2\Fighting\Fighting028_x264.mp4,Anomaly,Fighting,-1,
267,267,267,267,267,D:\kunal\Project\smart surveillance\ModelCode\TrainTestData\Anomaly-Videos-Part-2\Fighting\Fighting029_x264.mp4,Anomaly,Fighting,-1,
268,268,268,268,268,D:\kunal\Project\smart surveillance\ModelCode\TrainTestData\Anomaly-Videos-Part-2\Fighting\Fighting030_x264.mp4,Anomaly,Fighting,-1,
269,269,269,269,269,D:\kunal\Project\smart surveillance\ModelCode\TrainTestData\Anomaly-Videos-Part-2\Fighting\Fighting031_x264.mp4,Anomaly,Fighting,-1,
270,270,270,270,270,D:\kunal\Project\smart surveillance\ModelCode\TrainTestData\Anomaly-Videos-Part-2\Fighting\Fighting032_x264.mp4,Anomaly,Fighting,-1,
271,271,271,271,271,D:\kunal\Project\smart surveillance\ModelCode\TrainTestData\Anomaly-Videos-Part-2\Fighting\Fighting033_x264.mp4,Anomaly,Fighting,-1,
272,272,272,272,272,D:\kunal\Project\smart surveillance\ModelCode\TrainTestData\Anomaly-Videos-Part-2\Fighting\Fighting034_x264.mp4,Anomaly,Fighting,-1,
273,273,273,273,273,D:\kunal\Project\smart surveillance\ModelCode\TrainTestData\Anomaly-Videos-Part-2\Fighting\Fighting035_x264.mp4,Anomaly,Fighting,-1,
274,274,274,274,274,D:\kunal\Project\smart surveillance\ModelCode\TrainTestData\Anomaly-Videos-Part-2\Fighting\Fighting036_x264.mp4,Anomaly,Fighting,-1,
275,275,275,275,275,D:\kunal\Project\smart surveillance\ModelCode\TrainTestData\Anomaly-Videos-Part-2\Fighting\Fighting037_x264.mp4,Anomaly,Fighting,-1,
276,276,276,276,276,D:\kunal\Project\smart surveillance\ModelCode\TrainTestData\Anomaly-Videos-Part-2\Fighting\Fighting038_x264.mp4,Anomaly,Fighting,-1,
277,277,277,277,277,D:\kunal\Project\smart surveillance\ModelCode\TrainTestData\Anomaly-Videos-Part-2\Fighting\Fighting039_x264.mp4,Anomaly,Fighting,-1,
278,278,278,278,278,D:\kunal\Project\smart surveillance\ModelCode\TrainTestData\Anomaly-Videos-Part-2\Fighting\Fighting040_x264.mp4,Anomaly,Fighting,-1,
279,279,279,279,279,D:\kunal\Project\smart surveillance\ModelCode\TrainTestData\Anomaly-Videos-Part-2\Fighting\Fighting041_x264.mp4,Anomaly,Fighting,-1,
280,280,280,280,280,D:\kunal\Project\smart surveillance\ModelCode\TrainTestData\Anomaly-Videos-Part-3\RoadAccidents\RoadAccidents001_x264.mp4,Anomaly,RoadAccidents,-1,
281,281,281,281,281,D:\kunal\Project\smart surveillance\ModelCode\TrainTestData\Anomaly-Videos-Part-3\RoadAccidents\RoadAccidents002_x264.mp4,Anomaly,RoadAccidents,-1,
282,282,282,282,282,D:\kunal\Project\smart surveillance\ModelCode\TrainTestData\Anomaly-Videos-Part-3\RoadAccidents\RoadAccidents003_x264.mp4,Anomaly,RoadAccidents,-1,
283,283,283,283,283,D:\kunal\Project\smart surveillance\ModelCode\TrainTestData\Anomaly-Videos-Part-3\RoadAccidents\RoadAccidents004_x264.mp4,Anomaly,RoadAccidents,-1,
284,284,284,284,284,D:\kunal\Project\smart surveillance\ModelCode\TrainTestData\Anomaly-Videos-Part-3\RoadAccidents\RoadAccidents005_x264.mp4,Anomaly,RoadAccidents,-1,
285,285,285,285,285,D:\kunal\Project\smart surveillance\ModelCode\TrainTestData\Anomaly-Videos-Part-3\RoadAccidents\RoadAccidents006_x264.mp4,Anomaly,RoadAccidents,-1,
286,286,286,286,286,D:\kunal\Project\smart surveillance\ModelCode\TrainTestData\Anomaly-Videos-Part-3\RoadAccidents\RoadAccidents007_x264.mp4,Anomaly,RoadAccidents,-1,
287,287,287,287,287,D:\kunal\Project\smart surveillance\ModelCode\TrainTestData\Anomaly-Videos-Part-3\RoadAccidents\RoadAccidents008_x264.mp4,Anomaly,RoadAccidents,-1,
288,288,288,288,288,D:\kunal\Project\smart surveillance\ModelCode\TrainTestData\Anomaly-Videos-Part-3\RoadAccidents\RoadAccidents009_x264.mp4,Anomaly,RoadAccidents,-1,
289,289,289,289,289,D:\kunal\Project\smart surveillance\ModelCode\TrainTestData\Anomaly-Videos-Part-3\RoadAccidents\RoadAccidents010_x264.mp4,Anomaly,RoadAccidents,-1,
290,290,290,290,290,D:\kunal\Project\smart surveillance\ModelCode\TrainTestData\Anomaly-Videos-Part-3\RoadAccidents\RoadAccidents011_x264.mp4,Anomaly,RoadAccidents,-1,
291,291,291,291,291,D:\kunal\Project\smart surveillance\ModelCode\TrainTestData\Anomaly-Videos-Part-3\RoadAccidents\RoadAccidents012_x264.mp4,Anomaly,RoadAccidents,-1,
292,292,292,292,292,D:\kunal\Project\smart surveillance\ModelCode\TrainTestData\Anomaly-Videos-Part-3\RoadAccidents\RoadAccidents013_x264.mp4,Anomaly,RoadAccidents,-1,
293,293,293,293,293,D:\kunal\Project\smart surveillance\ModelCode\TrainTestData\Anomaly-Videos-Part-3\RoadAccidents\RoadAccidents014_x264.mp4,Anomaly,RoadAccidents,-1,
294,294,294,294,294,D:\kunal\Project\smart surveillance\ModelCode\TrainTestData\Anomaly-Videos-Part-3\RoadAccidents\RoadAccidents015_x264.mp4,Anomaly,RoadAccidents,-1,
295,295,295,295,295,D:\kunal\Project\smart surveillance\ModelCode\TrainTestData\Anomaly-Videos-Part-3\RoadAccidents\RoadAccidents016_x264.mp4,Anomaly,RoadAccidents,-1,
296,296,296,296,296,D:\kunal\Project\smart surveillance\ModelCode\TrainTestData\Anomaly-Videos-Part-3\RoadAccidents\RoadAccidents017_x264.mp4,Anomaly,RoadAccidents,-1,
297,297,297,297,297,D:\kunal\Project\smart surveillance\ModelCode\TrainTestData\Anomaly-Videos-Part-3\RoadAccidents\RoadAccidents018_x264.mp4,Anomaly,RoadAccidents,-1,
298,298,298,298,298,D:\kunal\Project\smart surveillance\ModelCode\TrainTestData\Anomaly-Videos-Part-3\RoadAccidents\RoadAccidents019_x264.mp4,Anomaly,RoadAccidents,-1,
299,299,299,299,299,D:\kunal\Project\smart surveillance\ModelCode\TrainTestData\Anomaly-Videos-Part-3\RoadAccidents\RoadAccidents020_x264.mp4,Anomaly,RoadAccidents,-1,
300,300,300,300,300,D:\kunal\Project\smart surveillance\ModelCode\TrainTestData\Anomaly-Videos-Part-3\RoadAccidents\RoadAccidents021_x264.mp4,Anomaly,RoadAccidents,-1,
301,301,301,301,301,D:\kunal\Project\smart surveillance\ModelCode\TrainTestData\Anomaly-Videos-Part-3\RoadAccidents\RoadAccidents022_x264.mp4,Anomaly,RoadAccidents,-1,
302,302,302,302,302,D:\kunal\Project\smart surveillance\ModelCode\TrainTestData\Anomaly-Videos-Part-3\RoadAccidents\RoadAccidents023_x264.mp4,Anomaly,RoadAccidents,-1,
303,303,303,303,303,D:\kunal\Project\smart surveillance\ModelCode\TrainTestData\Anomaly-Videos-Part-3\RoadAccidents\RoadAccidents024_x264.mp4,Anomaly,RoadAccidents,-1,
304,304,304,304,304,D:\kunal\Project\smart surveillance\ModelCode\TrainTestData\Anomaly-Videos-Part-3\RoadAccidents\RoadAccidents025_x264.mp4,Anomaly,RoadAccidents,-1,
305,305,305,305,305,D:\kunal\Project\smart surveillance\ModelCode\TrainTestData\Anomaly-Videos-Part-3\RoadAccidents\RoadAccidents026_x264.mp4,Anomaly,RoadAccidents,-1,
306,306,306,306,306,D:\kunal\Project\smart surveillance\ModelCode\TrainTestData\Anomaly-Videos-Part-3\RoadAccidents\RoadAccidents027_x264.mp4,Anomaly,RoadAccidents,-1,
307,307,307,307,307,D:\kunal\Project\smart surveillance\ModelCode\TrainTestData\Anomaly-Videos-Part-3\RoadAccidents\RoadAccidents028_x264.mp4,Anomaly,RoadAccidents,-1,
308,308,308,308,308,D:\kunal\Project\smart surveillance\ModelCode\TrainTestData\Anomaly-Videos-Part-3\RoadAccidents\RoadAccidents029_x264.mp4,Anomaly,RoadAccidents,-1,
309,309,309,309,309,D:\kunal\Project\smart surveillance\ModelCode\TrainTestData\Anomaly-Videos-Part-3\RoadAccidents\RoadAccidents030_x264.mp4,Anomaly,RoadAccidents,-1,
310,310,310,310,310,D:\kunal\Project\smart surveillance\ModelCode\TrainTestData\Anomaly-Videos-Part-3\RoadAccidents\RoadAccidents031_x264.mp4,Anomaly,RoadAccidents,-1,
311,311,311,311,311,D:\kunal\Project\smart surveillance\ModelCode\TrainTestData\Anomaly-Videos-Part-3\RoadAccidents\RoadAccidents032_x264.mp4,Anomaly,RoadAccidents,-1,
312,312,312,312,312,D:\kunal\Project\smart surveillance\ModelCode\TrainTestData\Anomaly-Videos-Part-3\RoadAccidents\RoadAccidents033_x264.mp4,Anomaly,RoadAccidents,-1,
313,313,313,313,313,D:\kunal\Project\smart surveillance\ModelCode\TrainTestData\Anomaly-Videos-Part-3\RoadAccidents\RoadAccidents034_x264.mp4,Anomaly,RoadAccidents,-1,
314,314,314,314,314,D:\kunal\Project\smart surveillance\ModelCode\TrainTestData\Anomaly-Videos-Part-3\RoadAccidents\RoadAccidents035_x264.mp4,Anomaly,RoadAccidents,-1,
315,315,315,315,315,D:\kunal\Project\smart surveillance\ModelCode\TrainTestData\Anomaly-Videos-Part-3\RoadAccidents\RoadAccidents036_x264.mp4,Anomaly,RoadAccidents,-1,
316,316,316,316,316,D:\kunal\Project\smart surveillance\ModelCode\TrainTestData\Anomaly-Videos-Part-3\RoadAccidents\RoadAccidents037_x264.mp4,Anomaly,RoadAccidents,-1,
317,317,317,317,317,D:\kunal\Project\smart surveillance\ModelCode\TrainTestData\Anomaly-Videos-Part-3\RoadAccidents\RoadAccidents038_x264.mp4,Anomaly,RoadAccidents,-1,
318,318,318,318,318,D:\kunal\Project\smart surveillance\ModelCode\TrainTestData\Anomaly-Videos-Part-3\RoadAccidents\RoadAccidents039_x264.mp4,Anomaly,RoadAccidents,-1,
319,319,319,319,319,D:\kunal\Project\smart surveillance\ModelCode\TrainTestData\Anomaly-Videos-Part-3\RoadAccidents\RoadAccidents040_x264.mp4,Anomaly,RoadAccidents,-1,
320,320,320,320,320,D:\kunal\Project\smart surveillance\ModelCode\TrainTestData\Anomaly-Videos-Part-3\Robbery\Robbery001_x264.mp4,Anomaly,Robbery,-1,
321,321,321,321,321,D:\kunal\Project\smart surveillance\ModelCode\TrainTestData\Anomaly-Videos-Part-3\Robbery\Robbery002_x264.mp4,Anomaly,Robbery,-1,
322,322,322,322,322,D:\kunal\Project\smart surveillance\ModelCode\TrainTestData\Anomaly-Videos-Part-3\Robbery\Robbery003_x264.mp4,Anomaly,Robbery,-1,
323,323,323,323,323,D:\kunal\Project\smart surveillance\ModelCode\TrainTestData\Anomaly-Videos-Part-3\Robbery\Robbery004_x264.mp4,Anomaly,Robbery,-1,
324,324,324,324,324,D:\kunal\Project\smart surveillance\ModelCode\TrainTestData\Anomaly-Videos-Part-3\Robbery\Robbery005_x264.mp4,Anomaly,Robbery,-1,
325,325,325,325,325,D:\kunal\Project\smart surveillance\ModelCode\TrainTestData\Anomaly-Videos-Part-3\Robbery\Robbery006_x264.mp4,Anomaly,Robbery,-1,
326,326,326,326,326,D:\kunal\Project\smart surveillance\ModelCode\TrainTestData\Anomaly-Videos-Part-3\Robbery\Robbery007_x264.mp4,Anomaly,Robbery,-1,
327,327,327,327,327,D:\kunal\Project\smart surveillance\ModelCode\TrainTestData\Anomaly-Videos-Part-3\Robbery\Robbery008_x264.mp4,Anomaly,Robbery,-1,
328,328,328,328,328,D:\kunal\Project\smart surveillance\ModelCode\TrainTestData\Anomaly-Videos-Part-3\Robbery\Robbery009_x264.mp4,Anomaly,Robbery,-1,
329,329,329,329,329,D:\kunal\Project\smart surveillance\ModelCode\TrainTestData\Anomaly-Videos-Part-3\Robbery\Robbery010_x264.mp4,Anomaly,Robbery,-1,
330,330,330,330,330,D:\kunal\Project\smart surveillance\ModelCode\TrainTestData\Anomaly-Videos-Part-3\Robbery\Robbery011_x264.mp4,Anomaly,Robbery,-1,
331,331,331,331,331,D:\kunal\Project\smart surveillance\ModelCode\TrainTestData\Anomaly-Videos-Part-3\Robbery\Robbery012_x264.mp4,Anomaly,Robbery,-1,
332,332,332,332,332,D:\kunal\Project\smart surveillance\ModelCode\TrainTestData\Anomaly-Videos-Part-3\Robbery\Robbery013_x264.mp4,Anomaly,Robbery,-1,
333,333,333,333,333,D:\kunal\Project\smart surveillance\ModelCode\TrainTestData\Anomaly-Videos-Part-3\Robbery\Robbery014_x264.mp4,Anomaly,Robbery,-1,
334,334,334,334,334,D:\kunal\Project\smart surveillance\ModelCode\TrainTestData\Anomaly-Videos-Part-3\Robbery\Robbery015_x264.mp4,Anomaly,Robbery,-1,
335,335,335,335,335,D:\kunal\Project\smart surveillance\ModelCode\TrainTestData\Anomaly-Videos-Part-3\Robbery\Robbery016_x264.mp4,Anomaly,Robbery,-1,
336,336,336,336,336,D:\kunal\Project\smart surveillance\ModelCode\TrainTestData\Anomaly-Videos-Part-3\Robbery\Robbery017_x264.mp4,Anomaly,Robbery,-1,
337,337,337,337,337,D:\kunal\Project\smart surveillance\ModelCode\TrainTestData\Anomaly-Videos-Part-3\Robbery\Robbery018_x264.mp4,Anomaly,Robbery,-1,
338,338,338,338,338,D:\kunal\Project\smart surveillance\ModelCode\TrainTestData\Anomaly-Videos-Part-3\Robbery\Robbery019_x264.mp4,Anomaly,Robbery,-1,
339,339,339,339,339,D:\kunal\Project\smart surveillance\ModelCode\TrainTestData\Anomaly-Videos-Part-3\Robbery\Robbery020_x264.mp4,Anomaly,Robbery,-1,
340,340,340,340,340,D:\kunal\Project\smart surveillance\ModelCode\TrainTestData\Anomaly-Videos-Part-3\Robbery\Robbery021_x264.mp4,Anomaly,Robbery,-1,
341,341,341,341,341,D:\kunal\Project\smart surveillance\ModelCode\TrainTestData\Anomaly-Videos-Part-3\Robbery\Robbery022_x264.mp4,Anomaly,Robbery,-1,
342,342,342,342,342,D:\kunal\Project\smart surveillance\ModelCode\TrainTestData\Anomaly-Videos-Part-3\Robbery\Robbery023_x264.mp4,Anomaly,Robbery,-1,
343,343,343,343,343,D:\kunal\Project\smart surveillance\ModelCode\TrainTestData\Anomaly-Videos-Part-3\Robbery\Robbery024_x264.mp4,Anomaly,Robbery,-1,
344,344,344,344,344,D:\kunal\Project\smart surveillance\ModelCode\TrainTestData\Anomaly-Videos-Part-3\Robbery\Robbery025_x264.mp4,Anomaly,Robbery,-1,
345,345,345,345,345,D:\kunal\Project\smart surveillance\ModelCode\TrainTestData\Anomaly-Videos-Part-3\Robbery\Robbery026_x264.mp4,Anomaly,Robbery,-1,
346,346,346,346,346,D:\kunal\Project\smart surveillance\ModelCode\TrainTestData\Anomaly-Videos-Part-3\Robbery\Robbery027_x264.mp4,Anomaly,Robbery,-1,
347,347,347,347,347,D:\kunal\Project\smart surveillance\ModelCode\TrainTestData\Anomaly-Videos-Part-3\Robbery\Robbery028_x264.mp4,Anomaly,Robbery,-1,
348,348,348,348,348,D:\kunal\Project\smart surveillance\ModelCode\TrainTestData\Anomaly-Videos-Part-3\Robbery\Robbery029_x264.mp4,Anomaly,Robbery,-1,
349,349,349,349,349,D:\kunal\Project\smart surveillance\ModelCode\TrainTestData\Anomaly-Videos-Part-3\Robbery\Robbery030_x264.mp4,Anomaly,Robbery,-1,
350,350,350,350,350,D:\kunal\Project\smart surveillance\ModelCode\TrainTestData\Anomaly-Videos-Part-3\Robbery\Robbery031_x264.mp4,Anomaly,Robbery,-1,
351,351,351,351,351,D:\kunal\Project\smart surveillance\ModelCode\TrainTestData\Anomaly-Videos-Part-3\Robbery\Robbery032_x264.mp4,Anomaly,Robbery,-1,
352,352,352,352,352,D:\kunal\Project\smart surveillance\ModelCode\TrainTestData\Anomaly-Videos-Part-3\Robbery\Robbery033_x264.mp4,Anomaly,Robbery,-1,
353,353,353,353,353,D:\kunal\Project\smart surveillance\ModelCode\TrainTestData\Anomaly-Videos-Part-3\Robbery\Robbery034_x264.mp4,Anomaly,Robbery,-1,
354,354,354,354,354,D:\kunal\Project\smart surveillance\ModelCode\TrainTestData\Anomaly-Videos-Part-3\Robbery\Robbery035_x264.mp4,Anomaly,Robbery,-1,
355,355,355,355,355,D:\kunal\Project\smart surveillance\ModelCode\TrainTestData\Anomaly-Videos-Part-3\Robbery\Robbery036_x264.mp4,Anomaly,Robbery,-1,
356,356,356,356,356,D:\kunal\Project\smart surveillance\ModelCode\TrainTestData\Anomaly-Videos-Part-3\Robbery\Robbery037_x264.mp4,Anomaly,Robbery,-1,
357,357,357,357,357,D:\kunal\Project\smart surveillance\ModelCode\TrainTestData\Anomaly-Videos-Part-3\Robbery\Robbery038_x264.mp4,Anomaly,Robbery,-1,
358,358,358,358,358,D:\kunal\Project\smart surveillance\ModelCode\TrainTestData\Anomaly-Videos-Part-3\Robbery\Robbery039_x264.mp4,Anomaly,Robbery,-1,
359,359,359,359,359,D:\kunal\Project\smart surveillance\ModelCode\TrainTestData\Anomaly-Videos-Part-3\Robbery\Robbery040_x264.mp4,Anomaly,Robbery,-1,
360,360,360,360,360,D:\kunal\Project\smart surveillance\ModelCode\TrainTestData\Anomaly-Videos-Part-3\Shooting\Shooting001_x264.mp4,Anomaly,Shooting,-1,
361,361,361,361,361,D:\kunal\Project\smart surveillance\ModelCode\TrainTestData\Anomaly-Videos-Part-3\Shooting\Shooting002_x264.mp4,Anomaly,Shooting,-1,
362,362,362,362,362,D:\kunal\Project\smart surveillance\ModelCode\TrainTestData\Anomaly-Videos-Part-3\Shooting\Shooting003_x264.mp4,Anomaly,Shooting,-1,
363,363,363,363,363,D:\kunal\Project\smart surveillance\ModelCode\TrainTestData\Anomaly-Videos-Part-3\Shooting\Shooting004_x264.mp4,Anomaly,Shooting,-1,
364,364,364,364,364,D:\kunal\Project\smart surveillance\ModelCode\TrainTestData\Anomaly-Videos-Part-3\Shooting\Shooting005_x264.mp4,Anomaly,Shooting,-1,
365,365,365,365,365,D:\kunal\Project\smart surveillance\ModelCode\TrainTestData\Anomaly-Videos-Part-3\Shooting\Shooting006_x264.mp4,Anomaly,Shooting,-1,
366,366,366,366,366,D:\kunal\Project\smart surveillance\ModelCode\TrainTestData\Anomaly-Videos-Part-3\Shooting\Shooting007_x264.mp4,Anomaly,Shooting,-1,
367,367,367,367,367,D:\kunal\Project\smart surveillance\ModelCode\TrainTestData\Anomaly-Videos-Part-3\Shooting\Shooting008_x264.mp4,Anomaly,Shooting,-1,
368,368,368,368,368,D:\kunal\Project\smart surveillance\ModelCode\TrainTestData\Anomaly-Videos-Part-3\Shooting\Shooting009_x264.mp4,Anomaly,Shooting,-1,
369,369,369,369,369,D:\kunal\Project\smart surveillance\ModelCode\TrainTestData\Anomaly-Videos-Part-3\Shooting\Shooting010_x264.mp4,Anomaly,Shooting,-1,
370,370,370,370,370,D:\kunal\Project\smart surveillance\ModelCode\TrainTestData\Anomaly-Videos-Part-3\Shooting\Shooting011_x264.mp4,Anomaly,Shooting,-1,
371,371,371,371,371,D:\kunal\Project\smart surveillance\ModelCode\TrainTestData\Anomaly-Videos-Part-3\Shooting\Shooting012_x264.mp4,Anomaly,Shooting,-1,
372,372,372,372,372,D:\kunal\Project\smart surveillance\ModelCode\TrainTestData\Anomaly-Videos-Part-3\Shooting\Shooting013_x264.mp4,Anomaly,Shooting,-1,
373,373,373,373,373,D:\kunal\Project\smart surveillance\ModelCode\TrainTestData\Anomaly-Videos-Part-3\Shooting\Shooting014_x264.mp4,Anomaly,Shooting,-1,
374,374,374,374,374,D:\kunal\Project\smart surveillance\ModelCode\TrainTestData\Anomaly-Videos-Part-3\Shooting\Shooting015_x264.mp4,Anomaly,Shooting,-1,
375,375,375,375,375,D:\kunal\Project\smart surveillance\ModelCode\TrainTestData\Anomaly-Videos-Part-3\Shooting\Shooting017_x264.mp4,Anomaly,Shooting,-1,
376,376,376,376,376,D:\kunal\Project\smart surveillance\ModelCode\TrainTestData\Anomaly-Videos-Part-3\Shooting\Shooting018_x264.mp4,Anomaly,Shooting,-1,
377,377,377,377,377,D:\kunal\Project\smart surveillance\ModelCode\TrainTestData\Anomaly-Videos-Part-3\Shooting\Shooting019_x264.mp4,Anomaly,Shooting,-1,
378,378,378,378,378,D:\kunal\Project\smart surveillance\ModelCode\TrainTestData\Anomaly-Videos-Part-3\Shooting\Shooting020_x264.mp4,Anomaly,Shooting,-1,
379,379,379,379,379,D:\kunal\Project\smart surveillance\ModelCode\TrainTestData\Anomaly-Videos-Part-3\Shooting\Shooting021_x264.mp4,Anomaly,Shooting,-1,
380,380,380,380,380,D:\kunal\Project\smart surveillance\ModelCode\TrainTestData\Anomaly-Videos-Part-3\Shooting\Shooting022_x264.mp4,Anomaly,Shooting,-1,
381,381,381,381,381,D:\kunal\Project\smart surveillance\ModelCode\TrainTestData\Anomaly-Videos-Part-3\Shooting\Shooting023_x264.mp4,Anomaly,Shooting,-1,
382,382,382,382,382,D:\kunal\Project\smart surveillance\ModelCode\TrainTestData\Anomaly-Videos-Part-3\Shooting\Shooting024_x264.mp4,Anomaly,Shooting,-1,
383,383,383,383,383,D:\kunal\Project\smart surveillance\ModelCode\TrainTestData\Anomaly-Videos-Part-3\Shooting\Shooting025_x264.mp4,Anomaly,Shooting,-1,
384,384,384,384,384,D:\kunal\Project\smart surveillance\ModelCode\TrainTestData\Anomaly-Videos-Part-3\Shooting\Shooting026_x264.mp4,Anomaly,Shooting,-1,
385,385,385,385,385,D:\kunal\Project\smart surveillance\ModelCode\TrainTestData\Anomaly-Videos-Part-3\Shooting\Shooting027_x264.mp4,Anomaly,Shooting,-1,
386,386,386,386,386,D:\kunal\Project\smart surveillance\ModelCode\TrainTestData\Anomaly-Videos-Part-3\Shooting\Shooting028_x264.mp4,Anomaly,Shooting,-1,
387,387,387,387,387,D:\kunal\Project\smart surveillance\ModelCode\TrainTestData\Anomaly-Videos-Part-3\Shooting\Shooting029_x264.mp4,Anomaly,Shooting,-1,
388,388,388,388,388,D:\kunal\Project\smart surveillance\ModelCode\TrainTestData\Anomaly-Videos-Part-3\Shooting\Shooting030_x264.mp4,Anomaly,Shooting,-1,
389,389,389,389,389,D:\kunal\Project\smart surveillance\ModelCode\TrainTestData\Anomaly-Videos-Part-3\Shooting\Shooting031_x264.mp4,Anomaly,Shooting,-1,
390,390,390,390,390,D:\kunal\Project\smart surveillance\ModelCode\TrainTestData\Anomaly-Videos-Part-3\Shooting\Shooting032_x264.mp4,Anomaly,Shooting,-1,
391,391,391,391,391,D:\kunal\Project\smart surveillance\ModelCode\TrainTestData\Anomaly-Videos-Part-3\Shooting\Shooting033_x264.mp4,Anomaly,Shooting,-1,
392,392,392,392,392,D:\kunal\Project\smart surveillance\ModelCode\TrainTestData\Anomaly-Videos-Part-3\Shooting\Shooting034_x264.mp4,Anomaly,Shooting,-1,
393,393,393,393,393,D:\kunal\Project\smart surveillance\ModelCode\TrainTestData\Anomaly-Videos-Part-3\Shooting\Shooting036_x264.mp4,Anomaly,Shooting,-1,
394,394,394,394,394,D:\kunal\Project\smart surveillance\ModelCode\TrainTestData\Anomaly-Videos-Part-3\Shooting\Shooting037_x264.mp4,Anomaly,Shooting,-1,
395,395,395,395,395,D:\kunal\Project\smart surveillance\ModelCode\TrainTestData\Anomaly-Videos-Part-3\Shooting\Shooting038_x264.mp4,Anomaly,Shooting,-1,
396,396,396,396,396,D:\kunal\Project\smart surveillance\ModelCode\TrainTestData\Anomaly-Videos-Part-3\Shooting\Shooting039_x264.mp4,Anomaly,Shooting,-1,
397,397,397,397,397,D:\kunal\Project\smart surveillance\ModelCode\TrainTestData\Anomaly-Videos-Part-3\Shooting\Shooting040_x264.mp4,Anomaly,Shooting,-1,
398,398,398,398,398,D:\kunal\Project\smart surveillance\ModelCode\TrainTestData\Anomaly-Videos-Part-3\Shooting\Shooting041_x264.mp4,Anomaly,Shooting,-1,
399,399,399,399,399,D:\kunal\Project\smart surveillance\ModelCode\TrainTestData\Anomaly-Videos-Part-3\Shooting\Shooting042_x264.mp4,Anomaly,Shooting,-1,
400,400,400,400,400,D:\kunal\Project\smart surveillance\ModelCode\TrainTestData\Anomaly-Videos-Part-4\Shoplifting\Shoplifting001_x264.mp4,Anomaly,Shoplifting,-1,
401,401,401,401,401,D:\kunal\Project\smart surveillance\ModelCode\TrainTestData\Anomaly-Videos-Part-4\Shoplifting\Shoplifting003_x264.mp4,Anomaly,Shoplifting,-1,
402,402,402,402,402,D:\kunal\Project\smart surveillance\ModelCode\TrainTestData\Anomaly-Videos-Part-4\Shoplifting\Shoplifting004_x264.mp4,Anomaly,Shoplifting,-1,
403,403,403,403,403,D:\kunal\Project\smart surveillance\ModelCode\TrainTestData\Anomaly-Videos-Part-4\Shoplifting\Shoplifting005_x264.mp4,Anomaly,Shoplifting,-1,
404,404,404,404,404,D:\kunal\Project\smart surveillance\ModelCode\TrainTestData\Anomaly-Videos-Part-4\Shoplifting\Shoplifting006_x264.mp4,Anomaly,Shoplifting,-1,
405,405,405,405,405,D:\kunal\Project\smart surveillance\ModelCode\TrainTestData\Anomaly-Videos-Part-4\Shoplifting\Shoplifting007_x264.mp4,Anomaly,Shoplifting,-1,
406,406,406,406,406,D:\kunal\Project\smart surveillance\ModelCode\TrainTestData\Anomaly-Videos-Part-4\Shoplifting\Shoplifting008_x264.mp4,Anomaly,Shoplifting,-1,
407,407,407,407,407,D:\kunal\Project\smart surveillance\ModelCode\TrainTestData\Anomaly-Videos-Part-4\Shoplifting\Shoplifting009_x264.mp4,Anomaly,Shoplifting,-1,
408,408,408,408,408,D:\kunal\Project\smart surveillance\ModelCode\TrainTestData\Anomaly-Videos-Part-4\Shoplifting\Shoplifting010_x264.mp4,Anomaly,Shoplifting,-1,
409,409,409,409,409,D:\kunal\Project\smart surveillance\ModelCode\TrainTestData\Anomaly-Videos-Part-4\Shoplifting\Shoplifting012_x264.mp4,Anomaly,Shoplifting,-1,
410,410,410,410,410,D:\kunal\Project\smart surveillance\ModelCode\TrainTestData\Anomaly-Videos-Part-4\Shoplifting\Shoplifting013_x264.mp4,Anomaly,Shoplifting,-1,
411,411,411,411,411,D:\kunal\Project\smart surveillance\ModelCode\TrainTestData\Anomaly-Videos-Part-4\Shoplifting\Shoplifting014_x264.mp4,Anomaly,Shoplifting,-1,
412,412,412,412,412,D:\kunal\Project\smart surveillance\ModelCode\TrainTestData\Anomaly-Videos-Part-4\Shoplifting\Shoplifting015_x264.mp4,Anomaly,Shoplifting,-1,
413,413,413,413,413,D:\kunal\Project\smart surveillance\ModelCode\TrainTestData\Anomaly-Videos-Part-4\Shoplifting\Shoplifting016_x264.mp4,Anomaly,Shoplifting,-1,
414,414,414,414,414,D:\kunal\Project\smart surveillance\ModelCode\TrainTestData\Anomaly-Videos-Part-4\Shoplifting\Shoplifting017_x264.mp4,Anomaly,Shoplifting,-1,
415,415,415,415,415,D:\kunal\Project\smart surveillance\ModelCode\TrainTestData\Anomaly-Videos-Part-4\Shoplifting\Shoplifting018_x264.mp4,Anomaly,Shoplifting,-1,
416,416,416,416,416,D:\kunal\Project\smart surveillance\ModelCode\TrainTestData\Anomaly-Videos-Part-4\Shoplifting\Shoplifting019_x264.mp4,Anomaly,Shoplifting,-1,
417,417,417,417,417,D:\kunal\Project\smart surveillance\ModelCode\TrainTestData\Anomaly-Videos-Part-4\Shoplifting\Shoplifting020_x264.mp4,Anomaly,Shoplifting,-1,
418,418,418,418,418,D:\kunal\Project\smart surveillance\ModelCode\TrainTestData\Anomaly-Videos-Part-4\Shoplifting\Shoplifting021_x264.mp4,Anomaly,Shoplifting,-1,
419,419,419,419,419,D:\kunal\Project\smart surveillance\ModelCode\TrainTestData\Anomaly-Videos-Part-4\Shoplifting\Shoplifting022_x264.mp4,Anomaly,Shoplifting,-1,
420,420,420,420,420,D:\kunal\Project\smart surveillance\ModelCode\TrainTestData\Anomaly-Videos-Part-4\Shoplifting\Shoplifting024_x264.mp4,Anomaly,Shoplifting,-1,
421,421,421,421,421,D:\kunal\Project\smart surveillance\ModelCode\TrainTestData\Anomaly-Videos-Part-4\Shoplifting\Shoplifting025_x264.mp4,Anomaly,Shoplifting,-1,
422,422,422,422,422,D:\kunal\Project\smart surveillance\ModelCode\TrainTestData\Anomaly-Videos-Part-4\Shoplifting\Shoplifting026_x264.mp4,Anomaly,Shoplifting,-1,
423,423,423,423,423,D:\kunal\Project\smart surveillance\ModelCode\TrainTestData\Anomaly-Videos-Part-4\Shoplifting\Shoplifting027_x264.mp4,Anomaly,Shoplifting,-1,
424,424,424,424,424,D:\kunal\Project\smart surveillance\ModelCode\TrainTestData\Anomaly-Videos-Part-4\Shoplifting\Shoplifting028_x264.mp4,Anomaly,Shoplifting,-1,
425,425,425,425,425,D:\kunal\Project\smart surveillance\ModelCode\TrainTestData\Anomaly-Videos-Part-4\Shoplifting\Shoplifting029_x264.mp4,Anomaly,Shoplifting,-1,
426,426,426,426,426,D:\kunal\Project\smart surveillance\ModelCode\TrainTestData\Anomaly-Videos-Part-4\Shoplifting\Shoplifting030_x264.mp4,Anomaly,Shoplifting,-1,
427,427,427,427,427,D:\kunal\Project\smart surveillance\ModelCode\TrainTestData\Anomaly-Videos-Part-4\Shoplifting\Shoplifting031_x264.mp4,Anomaly,Shoplifting,-1,
428,428,428,428,428,D:\kunal\Project\smart surveillance\ModelCode\TrainTestData\Anomaly-Videos-Part-4\Shoplifting\Shoplifting032_x264.mp4,Anomaly,Shoplifting,-1,
429,429,429,429,429,D:\kunal\Project\smart surveillance\ModelCode\TrainTestData\Anomaly-Videos-Part-4\Shoplifting\Shoplifting033_x264.mp4,Anomaly,Shoplifting,-1,
430,430,430,430,430,D:\kunal\Project\smart surveillance\ModelCode\TrainTestData\Anomaly-Videos-Part-4\Shoplifting\Shoplifting034_x264.mp4,Anomaly,Shoplifting,-1,
431,431,431,431,431,D:\kunal\Project\smart surveillance\ModelCode\TrainTestData\Anomaly-Videos-Part-4\Shoplifting\Shoplifting036_x264.mp4,Anomaly,Shoplifting,-1,
432,432,432,432,432,D:\kunal\Project\smart surveillance\ModelCode\TrainTestData\Anomaly-Videos-Part-4\Shoplifting\Shoplifting037_x264.mp4,Anomaly,Shoplifting,-1,
433,433,433,433,433,D:\kunal\Project\smart surveillance\ModelCode\TrainTestData\Anomaly-Videos-Part-4\Shoplifting\Shoplifting038_x264.mp4,Anomaly,Shoplifting,-1,
434,434,434,434,434,D:\kunal\Project\smart surveillance\ModelCode\TrainTestData\Anomaly-Videos-Part-4\Shoplifting\Shoplifting039_x264.mp4,Anomaly,Shoplifting,-1,
435,435,435,435,435,D:\kunal\Project\smart surveillance\ModelCode\TrainTestData\Anomaly-Videos-Part-4\Shoplifting\Shoplifting040_x264.mp4,Anomaly,Shoplifting,-1,
436,436,436,436,436,D:\kunal\Project\smart surveillance\ModelCode\TrainTestData\Anomaly-Videos-Part-4\Shoplifting\Shoplifting041_x264.mp4,Anomaly,Shoplifting,-1,
437,437,437,437,437,D:\kunal\Project\smart surveillance\ModelCode\TrainTestData\Anomaly-Videos-Part-4\Shoplifting\Shoplifting042_x264.mp4,Anomaly,Shoplifting,-1,
438,438,438,438,438,D:\kunal\Project\smart surveillance\ModelCode\TrainTestData\Anomaly-Videos-Part-4\Shoplifting\Shoplifting043_x264.mp4,Anomaly,Shoplifting,-1,
439,439,439,439,439,D:\kunal\Project\smart surveillance\ModelCode\TrainTestData\Anomaly-Videos-Part-4\Shoplifting\Shoplifting044_x264.mp4,Anomaly,Shoplifting,-1,
440,440,440,440,440,D:\kunal\Project\smart surveillance\ModelCode\TrainTestData\Anomaly-Videos-Part-4\Stealing\Stealing002_x264.mp4,Anomaly,Stealing,-1,
441,441,441,441,441,D:\kunal\Project\smart surveillance\ModelCode\TrainTestData\Anomaly-Videos-Part-4\Stealing\Stealing003_x264.mp4,Anomaly,Stealing,-1,
442,442,442,442,442,D:\kunal\Project\smart surveillance\ModelCode\TrainTestData\Anomaly-Videos-Part-4\Stealing\Stealing004_x264.mp4,Anomaly,Stealing,-1,
443,443,443,443,443,D:\kunal\Project\smart surveillance\ModelCode\TrainTestData\Anomaly-Videos-Part-4\Stealing\Stealing006_x264.mp4,Anomaly,Stealing,-1,
444,444,444,444,444,D:\kunal\Project\smart surveillance\ModelCode\TrainTestData\Anomaly-Videos-Part-4\Stealing\Stealing007_x264.mp4,Anomaly,Stealing,-1,
445,445,445,445,445,D:\kunal\Project\smart surveillance\ModelCode\TrainTestData\Anomaly-Videos-Part-4\Stealing\Stealing008_x264.mp4,Anomaly,Stealing,-1,
446,446,446,446,446,D:\kunal\Project\smart surveillance\ModelCode\TrainTestData\Anomaly-Videos-Part-4\Stealing\Stealing009_x264.mp4,Anomaly,Stealing,-1,
447,447,447,447,447,D:\kunal\Project\smart surveillance\ModelCode\TrainTestData\Anomaly-Videos-Part-4\Stealing\Stealing010_x264.mp4,Anomaly,Stealing,-1,
448,448,448,448,448,D:\kunal\Project\smart surveillance\ModelCode\TrainTestData\Anomaly-Videos-Part-4\Stealing\Stealing011_x264.mp4,Anomaly,Stealing,-1,
449,449,449,449,449,D:\kunal\Project\smart surveillance\ModelCode\TrainTestData\Anomaly-Videos-Part-4\Stealing\Stealing012_x264.mp4,Anomaly,Stealing,-1,
450,450,450,450,450,D:\kunal\Project\smart surveillance\ModelCode\TrainTestData\Anomaly-Videos-Part-4\Stealing\Stealing013_x264.mp4,Anomaly,Stealing,-1,
451,451,451,451,451,D:\kunal\Project\smart surveillance\ModelCode\TrainTestData\Anomaly-Videos-Part-4\Stealing\Stealing014_x264.mp4,Anomaly,Stealing,-1,
452,452,452,452,452,D:\kunal\Project\smart surveillance\ModelCode\TrainTestData\Anomaly-Videos-Part-4\Stealing\Stealing015_x264.mp4,Anomaly,Stealing,-1,
453,453,453,453,453,D:\kunal\Project\smart surveillance\ModelCode\TrainTestData\Anomaly-Videos-Part-4\Stealing\Stealing016_x264.mp4,Anomaly,Stealing,-1,
454,454,454,454,454,D:\kunal\Project\smart surveillance\ModelCode\TrainTestData\Anomaly-Videos-Part-4\Stealing\Stealing017_x264.mp4,Anomaly,Stealing,-1,
455,455,455,455,455,D:\kunal\Project\smart surveillance\ModelCode\TrainTestData\Anomaly-Videos-Part-4\Stealing\Stealing018_x264.mp4,Anomaly,Stealing,-1,
456,456,456,456,456,D:\kunal\Project\smart surveillance\ModelCode\TrainTestData\Anomaly-Videos-Part-4\Stealing\Stealing019_x264.mp4,Anomaly,Stealing,-1,
457,457,457,457,457,D:\kunal\Project\smart surveillance\ModelCode\TrainTestData\Anomaly-Videos-Part-4\Stealing\Stealing020_x264.mp4,Anomaly,Stealing,-1,
458,458,458,458,458,D:\kunal\Project\smart surveillance\ModelCode\TrainTestData\Anomaly-Videos-Part-4\Stealing\Stealing021_x264.mp4,Anomaly,Stealing,-1,
459,459,459,459,459,D:\kunal\Project\smart surveillance\ModelCode\TrainTestData\Anomaly-Videos-Part-4\Stealing\Stealing022_x264.mp4,Anomaly,Stealing,-1,
460,460,460,460,460,D:\kunal\Project\smart surveillance\ModelCode\TrainTestData\Anomaly-Videos-Part-4\Stealing\Stealing023_x264.mp4,Anomaly,Stealing,-1,
461,461,461,461,461,D:\kunal\Project\smart surveillance\ModelCode\TrainTestData\Anomaly-Videos-Part-4\Stealing\Stealing024_x264.mp4,Anomaly,Stealing,-1,
462,462,462,462,462,D:\kunal\Project\smart surveillance\ModelCode\TrainTestData\Anomaly-Videos-Part-4\Stealing\Stealing025_x264.mp4,Anomaly,Stealing,-1,
463,463,463,463,463,D:\kunal\Project\smart surveillance\ModelCode\TrainTestData\Anomaly-Videos-Part-4\Stealing\Stealing026_x264.mp4,Anomaly,Stealing,-1,
464,464,464,464,464,D:\kunal\Project\smart surveillance\ModelCode\TrainTestData\Anomaly-Videos-Part-4\Stealing\Stealing027_x264.mp4,Anomaly,Stealing,-1,
465,465,465,465,465,D:\kunal\Project\smart surveillance\ModelCode\TrainTestData\Anomaly-Videos-Part-4\Stealing\Stealing028_x264.mp4,Anomaly,Stealing,-1,
466,466,466,466,466,D:\kunal\Project\smart surveillance\ModelCode\TrainTestData\Anomaly-Videos-Part-4\Stealing\Stealing029_x264.mp4,Anomaly,Stealing,-1,
467,467,467,467,467,D:\kunal\Project\smart surveillance\ModelCode\TrainTestData\Anomaly-Videos-Part-4\Stealing\Stealing030_x264.mp4,Anomaly,Stealing,-1,
468,468,468,468,468,D:\kunal\Project\smart surveillance\ModelCode\TrainTestData\Anomaly-Videos-Part-4\Stealing\Stealing031_x264.mp4,Anomaly,Stealing,-1,
469,469,469,469,469,D:\kunal\Project\smart surveillance\ModelCode\TrainTestData\Anomaly-Videos-Part-4\Stealing\Stealing032_x264.mp4,Anomaly,Stealing,-1,
470,470,470,470,470,D:\kunal\Project\smart surveillance\ModelCode\TrainTestData\Anomaly-Videos-Part-4\Stealing\Stealing035_x264.mp4,Anomaly,Stealing,-1,
471,471,471,471,471,D:\kunal\Project\smart surveillance\ModelCode\TrainTestData\Anomaly-Videos-Part-4\Stealing\Stealing036_x264.mp4,Anomaly,Stealing,-1,
472,472,472,472,472,D:\kunal\Project\smart surveillance\ModelCode\TrainTestData\Anomaly-Videos-Part-4\Stealing\Stealing037_x264.mp4,Anomaly,Stealing,-1,
473,473,473,473,473,D:\kunal\Project\smart surveillance\ModelCode\TrainTestData\Anomaly-Videos-Part-4\Stealing\Stealing042_x264.mp4,Anomaly,Stealing,-1,
474,474,474,474,474,D:\kunal\Project\smart surveillance\ModelCode\TrainTestData\Anomaly-Videos-Part-4\Stealing\Stealing043_x264.mp4,Anomaly,Stealing,-1,
475,475,475,475,475,D:\kunal\Project\smart surveillance\ModelCode\TrainTestData\Anomaly-Videos-Part-4\Stealing\Stealing044_x264.mp4,Anomaly,Stealing,-1,
476,476,476,476,476,D:\kunal\Project\smart surveillance\ModelCode\TrainTestData\Anomaly-Videos-Part-4\Stealing\Stealing045_x264.mp4,Anomaly,Stealing,-1,
477,477,477,477,477,D:\kunal\Project\smart surveillance\ModelCode\TrainTestData\Anomaly-Videos-Part-4\Stealing\Stealing046_x264.mp4,Anomaly,Stealing,-1,
478,478,478,478,478,D:\kunal\Project\smart surveillance\ModelCode\TrainTestData\Anomaly-Videos-Part-4\Stealing\Stealing047_x264.mp4,Anomaly,Stealing,-1,
479,479,479,479,479,D:\kunal\Project\smart surveillance\ModelCode\TrainTestData\Anomaly-Videos-Part-4\Stealing\Stealing048_x264.mp4,Anomaly,Stealing,-1,
480,480,480,480,480,D:\kunal\Project\smart surveillance\ModelCode\TrainTestData\Anomaly-Videos-Part-4\Vandalism\Vandalism001_x264.mp4,Anomaly,Vandalism,-1,
481,481,481,481,481,D:\kunal\Project\smart surveillance\ModelCode\TrainTestData\Anomaly-Videos-Part-4\Vandalism\Vandalism002_x264.mp4,Anomaly,Vandalism,-1,
482,482,482,482,482,D:\kunal\Project\smart surveillance\ModelCode\TrainTestData\Anomaly-Videos-Part-4\Vandalism\Vandalism003_x264.mp4,Anomaly,Vandalism,-1,
483,483,483,483,483,D:\kunal\Project\smart surveillance\ModelCode\TrainTestData\Anomaly-Videos-Part-4\Vandalism\Vandalism004_x264.mp4,Anomaly,Vandalism,-1,
484,484,484,484,484,D:\kunal\Project\smart surveillance\ModelCode\TrainTestData\Anomaly-Videos-Part-4\Vandalism\Vandalism005_x264.mp4,Anomaly,Vandalism,-1,
485,485,485,485,485,D:\kunal\Project\smart surveillance\ModelCode\TrainTestData\Anomaly-Videos-Part-4\Vandalism\Vandalism006_x264.mp4,Anomaly,Vandalism,-1,
486,486,486,486,486,D:\kunal\Project\smart surveillance\ModelCode\TrainTestData\Anomaly-Videos-Part-4\Vandalism\Vandalism007_x264.mp4,Anomaly,Vandalism,-1,
487,487,487,487,487,D:\kunal\Project\smart surveillance\ModelCode\TrainTestData\Anomaly-Videos-Part-4\Vandalism\Vandalism008_x264.mp4,Anomaly,Vandalism,-1,
488,488,488,488,488,D:\kunal\Project\smart surveillance\ModelCode\TrainTestData\Anomaly-Videos-Part-4\Vandalism\Vandalism009_x264.mp4,Anomaly,Vandalism,-1,
489,489,489,489,489,D:\kunal\Project\smart surveillance\ModelCode\TrainTestData\Anomaly-Videos-Part-4\Vandalism\Vandalism010_x264.mp4,Anomaly,Vandalism,-1,
490,490,490,490,490,D:\kunal\Project\smart surveillance\ModelCode\TrainTestData\Anomaly-Videos-Part-4\Vandalism\Vandalism011_x264.mp4,Anomaly,Vandalism,-1,
491,491,491,491,491,D:\kunal\Project\smart surveillance\ModelCode\TrainTestData\Anomaly-Videos-Part-4\Vandalism\Vandalism012_x264.mp4,Anomaly,Vandalism,-1,
492,492,492,492,492,D:\kunal\Project\smart surveillance\ModelCode\TrainTestData\Anomaly-Videos-Part-4\Vandalism\Vandalism013_x264.mp4,Anomaly,Vandalism,-1,
493,493,493,493,493,D:\kunal\Project\smart surveillance\ModelCode\TrainTestData\Anomaly-Videos-Part-4\Vandalism\Vandalism014_x264.mp4,Anomaly,Vandalism,-1,
494,494,494,494,494,D:\kunal\Project\smart surveillance\ModelCode\TrainTestData\Anomaly-Videos-Part-4\Vandalism\Vandalism015_x264.mp4,Anomaly,Vandalism,-1,
495,495,495,495,495,D:\kunal\Project\smart surveillance\ModelCode\TrainTestData\Anomaly-Videos-Part-4\Vandalism\Vandalism016_x264.mp4,Anomaly,Vandalism,-1,
496,496,496,496,496,D:\kunal\Project\smart surveillance\ModelCode\TrainTestData\Anomaly-Videos-Part-4\Vandalism\Vandalism017_x264.mp4,Anomaly,Vandalism,-1,
497,497,497,497,497,D:\kunal\Project\smart surveillance\ModelCode\TrainTestData\Anomaly-Videos-Part-4\Vandalism\Vandalism018_x264.mp4,Anomaly,Vandalism,-1,
498,498,498,498,498,D:\kunal\Project\smart surveillance\ModelCode\TrainTestData\Anomaly-Videos-Part-4\Vandalism\Vandalism019_x264.mp4,Anomaly,Vandalism,-1,
499,499,499,499,499,D:\kunal\Project\smart surveillance\ModelCode\TrainTestData\Anomaly-Videos-Part-4\Vandalism\Vandalism020_x264.mp4,Anomaly,Vandalism,-1,
500,500,500,500,500,D:\kunal\Project\smart surveillance\ModelCode\TrainTestData\Anomaly-Videos-Part-4\Vandalism\Vandalism021_x264.mp4,Anomaly,Vandalism,-1,
501,501,501,501,501,D:\kunal\Project\smart surveillance\ModelCode\TrainTestData\Anomaly-Videos-Part-4\Vandalism\Vandalism022_x264.mp4,Anomaly,Vandalism,-1,
502,502,502,502,502,D:\kunal\Project\smart surveillance\ModelCode\TrainTestData\Anomaly-Videos-Part-4\Vandalism\Vandalism023_x264.mp4,Anomaly,Vandalism,-1,
503,503,503,503,503,D:\kunal\Project\smart surveillance\ModelCode\TrainTestData\Anomaly-Videos-Part-4\Vandalism\Vandalism024_x264.mp4,Anomaly,Vandalism,-1,
504,504,504,504,504,D:\kunal\Project\smart surveillance\ModelCode\TrainTestData\Anomaly-Videos-Part-4\Vandalism\Vandalism025_x264.mp4,Anomaly,Vandalism,-1,
505,505,505,505,505,D:\kunal\Project\smart surveillance\ModelCode\TrainTestData\Anomaly-Videos-Part-4\Vandalism\Vandalism026_x264.mp4,Anomaly,Vandalism,-1,
506,506,506,506,506,D:\kunal\Project\smart surveillance\ModelCode\TrainTestData\Anomaly-Videos-Part-4\Vandalism\Vandalism027_x264.mp4,Anomaly,Vandalism,-1,
507,507,507,507,507,D:\kunal\Project\smart surveillance\ModelCode\TrainTestData\Anomaly-Videos-Part-4\Vandalism\Vandalism028_x264.mp4,Anomaly,Vandalism,-1,
508,508,508,508,508,D:\kunal\Project\smart surveillance\ModelCode\TrainTestData\Anomaly-Videos-Part-4\Vandalism\Vandalism029_x264.mp4,Anomaly,Vandalism,-1,
509,509,509,509,509,D:\kunal\Project\smart surveillance\ModelCode\TrainTestData\Anomaly-Videos-Part-4\Vandalism\Vandalism030_x264.mp4,Anomaly,Vandalism,-1,
510,510,510,510,510,D:\kunal\Project\smart surveillance\ModelCode\TrainTestData\Anomaly-Videos-Part-4\Vandalism\Vandalism031_x264.mp4,Anomaly,Vandalism,-1,
511,511,511,511,511,D:\kunal\Project\smart surveillance\ModelCode\TrainTestData\Anomaly-Videos-Part-4\Vandalism\Vandalism032_x264.mp4,Anomaly,Vandalism,-1,
512,512,512,512,512,D:\kunal\Project\smart surveillance\ModelCode\TrainTestData\Anomaly-Videos-Part-4\Vandalism\Vandalism033_x264.mp4,Anomaly,Vandalism,-1,
513,513,513,513,513,D:\kunal\Project\smart surveillance\ModelCode\TrainTestData\Anomaly-Videos-Part-4\Vandalism\Vandalism034_x264.mp4,Anomaly,Vandalism,-1,
514,514,514,514,514,D:\kunal\Project\smart surveillance\ModelCode\TrainTestData\Anomaly-Videos-Part-4\Vandalism\Vandalism035_x264.mp4,Anomaly,Vandalism,-1,
515,515,515,515,515,D:\kunal\Project\smart surveillance\ModelCode\TrainTestData\Anomaly-Videos-Part-4\Vandalism\Vandalism036_x264.mp4,Anomaly,Vandalism,-1,
516,516,516,516,516,D:\kunal\Project\smart surveillance\ModelCode\TrainTestData\Anomaly-Videos-Part-4\Vandalism\Vandalism037_x264.mp4,Anomaly,Vandalism,-1,
517,517,517,517,517,D:\kunal\Project\smart surveillance\ModelCode\TrainTestData\Anomaly-Videos-Part-4\Vandalism\Vandalism038_x264.mp4,Anomaly,Vandalism,-1,
518,518,518,518,518,D:\kunal\Project\smart surveillance\ModelCode\TrainTestData\Anomaly-Videos-Part-4\Vandalism\Vandalism039_x264.mp4,Anomaly,Vandalism,-1,
519,519,519,519,519,D:\kunal\Project\smart surveillance\ModelCode\TrainTestData\Anomaly-Videos-Part-4\Vandalism\Vandalism040_x264.mp4,Anomaly,Vandalism,-1,
